    Finished `release` profile [optimized] target(s) in 0.52s
     Running `/Users/pascaldisse/projects/magic-crystal-v9body/target/release/examples/rdirect_train_v9k`
[v9n] GAIA_V7_SKY_HISTORY reject=true — mandate expects true (set GAIA_V7_SKY_HISTORY=reject)
[v9n] res 128x72 K=3 steps, GAIA_V9_K=8 noise2noise draws (variance/8, teacher validator-only)
[v9n] WATCHDOG two-signal: score_streak=20 LOG-ONLY, resid_streak=20 ABORT, bar-res probe every 25 epochs at 640x480 (K=3 ref=64) ABORT on sparkle>=16
[v9n] CURE 4: overshoot_w=1 — above-ceiling gradient is 2*overshoot_w*(raw-cap)/n (pulls toward the ceiling), no longer zero (see module doc mechanism-hunt verdict)
[v9n] CURE 5: nohit_albedo_sq=0.00000001 — albedo~0/no-hit pixels bypass the clamp/ceiling entirely, ordinary 2*(raw-target)/n always active (autopsy grad-probe-fix section)
[v9n] CURE 5 PROMOTION (v9m): nohit_w=0 — no-hit class supervised at weight nohit_w against its honest n2n target (2*nohit_w*(raw-target)/n), nohit_w<=0.0 falls back to the OLD tiny-side-term/CURE5-off behavior (no-hit pixels run through ordinary CURE4 active/overshoot branches)
[v9n] V9N HIT-GATED BODY: GAIA_V9N_HITGATE=true — architectural cure, monad-specified: no-hit px (depth<=0) composed output := evidence EXACTLY (its own E+D composite, demod-log domain), backward grad to net_out is EXACT ZERO on those px (not a loss-side weight); CURE4/CURE5 branches above are dead for no-hit px when this is on. Default OFF = byte-identical to v9k/v9m (IRON LAW). Monitors (settle/run_monitor) and the bar-res probe evaluate the SAME composed output — see settle()/bar_res_probe.
[v9n] POSE DIVERSITY POOL (v9c/v9e parity): orbit±30deg jitter±0.6 around 2 anchors (front-pivot family x2 draws/epoch, wide-anchor family x1 draw/epoch) + mirror unconditional (fixed) — fresh draws every epoch, CURE 3 winsorize_k=0 (OFF if 0)
[v9n] rendered mirror(train) + 2 VALIDATOR (orbit_-20, mirror — FIXED, held-out) pose sequences (128x72, teacher 64 VALIDATOR ONLY, pan_step=0.004, mirror_spp=4) in 1.5s
[v9n] V9K CROP TRAINING: pool draws (front-pivot x2, wide-anchor x1) now render 128x72 CROPS of a virtual 640x480 frame (asymmetric frustum, cost=128x72 not 640x480), pad_margin=0 sky_bias_prob=0 (0.0=uniform) — mirror/val stay full-frame, bar-res probe (below) stays the judge, unchanged
[v9n] UnetConfig widths=[24, 40, 64] n_scales=3 params≈163083
[v9n] MONITOR epoch -1 (fresh He-init): val sparkle 0.0/Mpx resid 0.0374 highlight_ratio 0.743 score=1.069 | mirror sparkle 0.0/Mpx resid 0.0523 highlight_ratio 0.912 (tgt sp<16 resid<0.035) *BEST->saved score_streak=0/20(LOG-ONLY) resid_streak=0/20(ABORT)
[v9n] FIRST BATCH mask check (epoch 0, pi=1 s=2): nohit_px(albedo)=0/9216 nohit_effective(differs-from-CURE4)=0 | cross-check vs depth-hit-flag: false_hit_dark(albedo-mask says nohit, depth says REAL HIT)=0 false_miss_albedo(depth says miss, albedo-mask missed it — should be 0)=0
[v9n] NOTE: this single first batch had zero no-hit pixels (crop landed entirely on geometry) — not aborting, waiting for the first EPOCH's aggregate count below.
[v9n] epoch 0/300 n2n_mse=0.185730 lr=0.000100 pool_yaws=[-11.4,9.4,1.9] pool_ms=1438 hist_ms=5269 batch_ms=8376 nohit_px=16599/110592(15.01%) nohit_effective=24 hitgate=true gated_px=16599 (15.1s)
[v9n] MONITOR epoch 0: val sparkle 0.0/Mpx resid 0.0374 highlight_ratio 0.743 score=1.068 | mirror sparkle 0.0/Mpx resid 0.0522 highlight_ratio 0.912 (tgt sp<16 resid<0.035) *BEST->saved score_streak=0/20(LOG-ONLY) resid_streak=0/20(ABORT)
[v9n] FIRST BATCH mask check (epoch 1, pi=3 s=2): nohit_px(albedo)=3118/9216 nohit_effective(differs-from-CURE4)=40 | cross-check vs depth-hit-flag: false_hit_dark(albedo-mask says nohit, depth says REAL HIT)=3 false_miss_albedo(depth says miss, albedo-mask missed it — should be 0)=0
[v9n] epoch 1/300 n2n_mse=0.112104 lr=0.000100 pool_yaws=[19.7,16.9,-22.6] pool_ms=1311 hist_ms=5249 batch_ms=7577 nohit_px=37064/110592(33.51%) nohit_effective=473 hitgate=true gated_px=37064 (31.8s)
[v9n] MONITOR epoch 1: val sparkle 0.0/Mpx resid 0.0374 highlight_ratio 0.743 score=1.068 | mirror sparkle 0.0/Mpx resid 0.0521 highlight_ratio 0.912 (tgt sp<16 resid<0.035) *BEST->saved score_streak=0/20(LOG-ONLY) resid_streak=0/20(ABORT)
[v9n] FIRST BATCH mask check (epoch 2, pi=3 s=1): nohit_px(albedo)=3160/9216 nohit_effective(differs-from-CURE4)=483 | cross-check vs depth-hit-flag: false_hit_dark(albedo-mask says nohit, depth says REAL HIT)=1 false_miss_albedo(depth says miss, albedo-mask missed it — should be 0)=0
[v9n] epoch 2/300 n2n_mse=0.022090 lr=0.000099 pool_yaws=[-2.5,27.6,-27.4] pool_ms=1348 hist_ms=5172 batch_ms=6512 nohit_px=76616/110592(69.28%) nohit_effective=4453 hitgate=true gated_px=76616 (47.5s)
[v9n] MONITOR epoch 2: val sparkle 0.0/Mpx resid 0.0374 highlight_ratio 0.743 score=1.067 | mirror sparkle 0.0/Mpx resid 0.0519 highlight_ratio 0.912 (tgt sp<16 resid<0.035) *BEST->saved score_streak=0/20(LOG-ONLY) resid_streak=0/20(ABORT)
[v9n] FIRST BATCH mask check (epoch 3, pi=2 s=2): nohit_px(albedo)=0/9216 nohit_effective(differs-from-CURE4)=0 | cross-check vs depth-hit-flag: false_hit_dark(albedo-mask says nohit, depth says REAL HIT)=0 false_miss_albedo(depth says miss, albedo-mask missed it — should be 0)=0
[v9n] NOTE: this single first batch had zero no-hit pixels (crop landed entirely on geometry) — not aborting, waiting for the first EPOCH's aggregate count below.
[v9n] epoch 3/300 n2n_mse=0.024604 lr=0.000099 pool_yaws=[4.3,-16.9,-8.8] pool_ms=1401 hist_ms=5237 batch_ms=8171 nohit_px=9416/110592(8.51%) nohit_effective=2013 hitgate=true gated_px=9416 (64.9s)
[v9n] MONITOR epoch 3: val sparkle 0.0/Mpx resid 0.0373 highlight_ratio 0.743 score=1.067 | mirror sparkle 0.0/Mpx resid 0.0516 highlight_ratio 0.912 (tgt sp<16 resid<0.035) *BEST->saved score_streak=0/20(LOG-ONLY) resid_streak=0/20(ABORT)
[v9n] FIRST BATCH mask check (epoch 4, pi=3 s=1): nohit_px(albedo)=3160/9216 nohit_effective(differs-from-CURE4)=603 | cross-check vs depth-hit-flag: false_hit_dark(albedo-mask says nohit, depth says REAL HIT)=1 false_miss_albedo(depth says miss, albedo-mask missed it — should be 0)=0
[v9n] epoch 4/300 n2n_mse=0.043601 lr=0.000099 pool_yaws=[-28.4,24.3,-21.1] pool_ms=1387 hist_ms=5164 batch_ms=7784 nohit_px=28577/110592(25.84%) nohit_effective=2976 hitgate=true gated_px=28577 (81.8s)
[v9n] MONITOR epoch 4: val sparkle 0.0/Mpx resid 0.0373 highlight_ratio 0.744 score=1.066 | mirror sparkle 0.0/Mpx resid 0.0514 highlight_ratio 0.912 (tgt sp<16 resid<0.035) *BEST->saved score_streak=0/20(LOG-ONLY) resid_streak=0/20(ABORT)
[v9n] FIRST BATCH mask check (epoch 5, pi=2 s=1): nohit_px(albedo)=0/9216 nohit_effective(differs-from-CURE4)=0 | cross-check vs depth-hit-flag: false_hit_dark(albedo-mask says nohit, depth says REAL HIT)=0 false_miss_albedo(depth says miss, albedo-mask missed it — should be 0)=0
[v9n] NOTE: this single first batch had zero no-hit pixels (crop landed entirely on geometry) — not aborting, waiting for the first EPOCH's aggregate count below.
[v9n] epoch 5/300 n2n_mse=0.046151 lr=0.000098 pool_yaws=[-1.0,13.5,9.7] pool_ms=1428 hist_ms=5248 batch_ms=8353 nohit_px=10914/110592(9.87%) nohit_effective=4059 hitgate=true gated_px=10914 (99.5s)
[v9n] MONITOR epoch 5: val sparkle 0.0/Mpx resid 0.0373 highlight_ratio 0.744 score=1.065 | mirror sparkle 0.0/Mpx resid 0.0512 highlight_ratio 0.913 (tgt sp<16 resid<0.035) *BEST->saved score_streak=0/20(LOG-ONLY) resid_streak=0/20(ABORT)
[v9n] FIRST BATCH mask check (epoch 6, pi=0 s=2): nohit_px(albedo)=0/9216 nohit_effective(differs-from-CURE4)=0 | cross-check vs depth-hit-flag: false_hit_dark(albedo-mask says nohit, depth says REAL HIT)=157 false_miss_albedo(depth says miss, albedo-mask missed it — should be 0)=0
[v9n] NOTE: this single first batch had zero no-hit pixels (crop landed entirely on geometry) — not aborting, waiting for the first EPOCH's aggregate count below.
[v9n] epoch 6/300 n2n_mse=0.044375 lr=0.000098 pool_yaws=[29.2,-7.3,13.3] pool_ms=1368 hist_ms=5254 batch_ms=8047 nohit_px=29000/110592(26.22%) nohit_effective=9470 hitgate=true gated_px=29000 (116.7s)
[v9n] MONITOR epoch 6: val sparkle 0.0/Mpx resid 0.0373 highlight_ratio 0.744 score=1.065 | mirror sparkle 0.0/Mpx resid 0.0509 highlight_ratio 0.913 (tgt sp<16 resid<0.035) *BEST->saved score_streak=0/20(LOG-ONLY) resid_streak=0/20(ABORT)
[v9n] FIRST BATCH mask check (epoch 7, pi=0 s=2): nohit_px(albedo)=0/9216 nohit_effective(differs-from-CURE4)=0 | cross-check vs depth-hit-flag: false_hit_dark(albedo-mask says nohit, depth says REAL HIT)=0 false_miss_albedo(depth says miss, albedo-mask missed it — should be 0)=0
[v9n] NOTE: this single first batch had zero no-hit pixels (crop landed entirely on geometry) — not aborting, waiting for the first EPOCH's aggregate count below.
[v9n] epoch 7/300 n2n_mse=0.010912 lr=0.000098 pool_yaws=[27.2,-16.6,16.3] pool_ms=1294 hist_ms=5234 batch_ms=7635 nohit_px=37064/110592(33.51%) nohit_effective=33821 hitgate=true gated_px=37064 (133.5s)
[v9n] MONITOR epoch 7: val sparkle 0.0/Mpx resid 0.0372 highlight_ratio 0.744 score=1.064 | mirror sparkle 0.0/Mpx resid 0.0507 highlight_ratio 0.913 (tgt sp<16 resid<0.035) *BEST->saved score_streak=0/20(LOG-ONLY) resid_streak=0/20(ABORT)
[v9n] FIRST BATCH mask check (epoch 8, pi=0 s=0): nohit_px(albedo)=6457/9216 nohit_effective(differs-from-CURE4)=5891 | cross-check vs depth-hit-flag: false_hit_dark(albedo-mask says nohit, depth says REAL HIT)=0 false_miss_albedo(depth says miss, albedo-mask missed it — should be 0)=0
[v9n] epoch 8/300 n2n_mse=0.016586 lr=0.000097 pool_yaws=[-25.4,-28.5,-17.7] pool_ms=1269 hist_ms=5260 batch_ms=7884 nohit_px=45512/110592(41.15%) nohit_effective=35180 hitgate=true gated_px=45512 (150.6s)
[v9n] MONITOR epoch 8: val sparkle 0.0/Mpx resid 0.0372 highlight_ratio 0.745 score=1.063 | mirror sparkle 0.0/Mpx resid 0.0505 highlight_ratio 0.913 (tgt sp<16 resid<0.035) *BEST->saved score_streak=0/20(LOG-ONLY) resid_streak=0/20(ABORT)
[v9n] FIRST BATCH mask check (epoch 9, pi=2 s=0): nohit_px(albedo)=0/9216 nohit_effective(differs-from-CURE4)=0 | cross-check vs depth-hit-flag: false_hit_dark(albedo-mask says nohit, depth says REAL HIT)=0 false_miss_albedo(depth says miss, albedo-mask missed it — should be 0)=0
[v9n] NOTE: this single first batch had zero no-hit pixels (crop landed entirely on geometry) — not aborting, waiting for the first EPOCH's aggregate count below.
[v9n] epoch 9/300 n2n_mse=0.012064 lr=0.000097 pool_yaws=[-23.2,10.3,-16.3] pool_ms=1366 hist_ms=5275 batch_ms=7560 nohit_px=37064/110592(33.51%) nohit_effective=7146 hitgate=true gated_px=37064 (167.4s)
[v9n] MONITOR epoch 9: val sparkle 0.0/Mpx resid 0.0372 highlight_ratio 0.745 score=1.063 | mirror sparkle 0.0/Mpx resid 0.0502 highlight_ratio 0.913 (tgt sp<16 resid<0.035) *BEST->saved score_streak=0/20(LOG-ONLY) resid_streak=0/20(ABORT)
[v9n] FIRST BATCH mask check (epoch 10, pi=0 s=2): nohit_px(albedo)=0/9216 nohit_effective(differs-from-CURE4)=0 | cross-check vs depth-hit-flag: false_hit_dark(albedo-mask says nohit, depth says REAL HIT)=0 false_miss_albedo(depth says miss, albedo-mask missed it — should be 0)=0
[v9n] NOTE: this single first batch had zero no-hit pixels (crop landed entirely on geometry) — not aborting, waiting for the first EPOCH's aggregate count below.
[v9n] epoch 10/300 n2n_mse=0.010867 lr=0.000097 pool_yaws=[11.3,-12.2,9.6] pool_ms=1576 hist_ms=5325 batch_ms=8446 nohit_px=9416/110592(8.51%) nohit_effective=9217 hitgate=true gated_px=9416 (185.4s)
[v9n] MONITOR epoch 10: val sparkle 0.0/Mpx resid 0.0372 highlight_ratio 0.745 score=1.062 | mirror sparkle 0.0/Mpx resid 0.0500 highlight_ratio 0.913 (tgt sp<16 resid<0.035) *BEST->saved score_streak=0/20(LOG-ONLY) resid_streak=0/20(ABORT)
[v9n] FIRST BATCH mask check (epoch 11, pi=1 s=1): nohit_px(albedo)=0/9216 nohit_effective(differs-from-CURE4)=0 | cross-check vs depth-hit-flag: false_hit_dark(albedo-mask says nohit, depth says REAL HIT)=0 false_miss_albedo(depth says miss, albedo-mask missed it — should be 0)=0
[v9n] NOTE: this single first batch had zero no-hit pixels (crop landed entirely on geometry) — not aborting, waiting for the first EPOCH's aggregate count below.
[v9n] epoch 11/300 n2n_mse=0.008713 lr=0.000096 pool_yaws=[-26.4,26.5,-13.6] pool_ms=1445 hist_ms=5359 batch_ms=8695 nohit_px=9416/110592(8.51%) nohit_effective=9184 hitgate=true gated_px=9416 (203.6s)
[v9n] MONITOR epoch 11: val sparkle 0.0/Mpx resid 0.0371 highlight_ratio 0.745 score=1.061 | mirror sparkle 0.0/Mpx resid 0.0498 highlight_ratio 0.913 (tgt sp<16 resid<0.035) *BEST->saved score_streak=0/20(LOG-ONLY) resid_streak=0/20(ABORT)
[v9n] FIRST BATCH mask check (epoch 12, pi=3 s=0): nohit_px(albedo)=3138/9216 nohit_effective(differs-from-CURE4)=2933 | cross-check vs depth-hit-flag: false_hit_dark(albedo-mask says nohit, depth says REAL HIT)=3 false_miss_albedo(depth says miss, albedo-mask missed it — should be 0)=0
[v9n] epoch 12/300 n2n_mse=0.011644 lr=0.000096 pool_yaws=[-8.8,-15.8,23.0] pool_ms=1435 hist_ms=5360 batch_ms=7904 nohit_px=43467/110592(39.30%) nohit_effective=40884 hitgate=true gated_px=43467 (221.0s)
[v9n] MONITOR epoch 12: val sparkle 0.0/Mpx resid 0.0371 highlight_ratio 0.746 score=1.060 | mirror sparkle 0.0/Mpx resid 0.0495 highlight_ratio 0.913 (tgt sp<16 resid<0.035) *BEST->saved score_streak=0/20(LOG-ONLY) resid_streak=0/20(ABORT)
[v9n] FIRST BATCH mask check (epoch 13, pi=1 s=2): nohit_px(albedo)=0/9216 nohit_effective(differs-from-CURE4)=0 | cross-check vs depth-hit-flag: false_hit_dark(albedo-mask says nohit, depth says REAL HIT)=0 false_miss_albedo(depth says miss, albedo-mask missed it — should be 0)=0
[v9n] NOTE: this single first batch had zero no-hit pixels (crop landed entirely on geometry) — not aborting, waiting for the first EPOCH's aggregate count below.
[v9n] epoch 13/300 n2n_mse=0.010447 lr=0.000096 pool_yaws=[22.4,-5.4,-21.0] pool_ms=1483 hist_ms=5346 batch_ms=8553 nohit_px=17120/110592(15.48%) nohit_effective=16847 hitgate=true gated_px=17120 (239.0s)
[v9n] MONITOR epoch 13: val sparkle 0.0/Mpx resid 0.0371 highlight_ratio 0.746 score=1.059 | mirror sparkle 0.0/Mpx resid 0.0493 highlight_ratio 0.913 (tgt sp<16 resid<0.035) *BEST->saved score_streak=0/20(LOG-ONLY) resid_streak=0/20(ABORT)
[v9n] FIRST BATCH mask check (epoch 14, pi=1 s=0): nohit_px(albedo)=5632/9216 nohit_effective(differs-from-CURE4)=5863 | cross-check vs depth-hit-flag: false_hit_dark(albedo-mask says nohit, depth says REAL HIT)=0 false_miss_albedo(depth says miss, albedo-mask missed it — should be 0)=0
[v9n] epoch 14/300 n2n_mse=0.010441 lr=0.000096 pool_yaws=[-20.5,-24.3,14.6] pool_ms=1527 hist_ms=5393 batch_ms=8424 nohit_px=26051/110592(23.56%) nohit_effective=27004 hitgate=true gated_px=26051 (257.0s)
[v9n] MONITOR epoch 14: val sparkle 0.0/Mpx resid 0.0370 highlight_ratio 0.746 score=1.058 | mirror sparkle 0.0/Mpx resid 0.0490 highlight_ratio 0.913 (tgt sp<16 resid<0.035) *BEST->saved score_streak=0/20(LOG-ONLY) resid_streak=0/20(ABORT)
[v9n] FIRST BATCH mask check (epoch 15, pi=3 s=0): nohit_px(albedo)=3138/9216 nohit_effective(differs-from-CURE4)=3233 | cross-check vs depth-hit-flag: false_hit_dark(albedo-mask says nohit, depth says REAL HIT)=3 false_miss_albedo(depth says miss, albedo-mask missed it — should be 0)=0
[v9n] epoch 15/300 n2n_mse=0.011231 lr=0.000095 pool_yaws=[-17.1,-17.3,-20.0] pool_ms=1401 hist_ms=5307 batch_ms=7965 nohit_px=35066/110592(31.71%) nohit_effective=34611 hitgate=true gated_px=35066 (274.3s)
[v9n] MONITOR epoch 15: val sparkle 0.0/Mpx resid 0.0370 highlight_ratio 0.746 score=1.057 | mirror sparkle 0.0/Mpx resid 0.0488 highlight_ratio 0.913 (tgt sp<16 resid<0.035) *BEST->saved score_streak=0/20(LOG-ONLY) resid_streak=0/20(ABORT)
[v9n] FIRST BATCH mask check (epoch 16, pi=3 s=1): nohit_px(albedo)=3160/9216 nohit_effective(differs-from-CURE4)=3291 | cross-check vs depth-hit-flag: false_hit_dark(albedo-mask says nohit, depth says REAL HIT)=1 false_miss_albedo(depth says miss, albedo-mask missed it — should be 0)=0
[v9n] epoch 16/300 n2n_mse=0.025732 lr=0.000095 pool_yaws=[2.4,-9.2,23.9] pool_ms=1302 hist_ms=5357 batch_ms=7048 nohit_px=64167/110592(58.02%) nohit_effective=62295 hitgate=true gated_px=64167 (290.7s)
[v9n] MONITOR epoch 16: val sparkle 0.0/Mpx resid 0.0369 highlight_ratio 0.746 score=1.056 | mirror sparkle 0.0/Mpx resid 0.0485 highlight_ratio 0.913 (tgt sp<16 resid<0.035) *BEST->saved score_streak=0/20(LOG-ONLY) resid_streak=0/20(ABORT)
[v9n] FIRST BATCH mask check (epoch 17, pi=2 s=2): nohit_px(albedo)=0/9216 nohit_effective(differs-from-CURE4)=0 | cross-check vs depth-hit-flag: false_hit_dark(albedo-mask says nohit, depth says REAL HIT)=0 false_miss_albedo(depth says miss, albedo-mask missed it — should be 0)=0
[v9n] NOTE: this single first batch had zero no-hit pixels (crop landed entirely on geometry) — not aborting, waiting for the first EPOCH's aggregate count below.
[v9n] epoch 17/300 n2n_mse=0.021019 lr=0.000095 pool_yaws=[-6.9,2.3,25.6] pool_ms=1477 hist_ms=5318 batch_ms=8588 nohit_px=11102/110592(10.04%) nohit_effective=12211 hitgate=true gated_px=11102 (308.8s)
[v9n] MONITOR epoch 17: val sparkle 0.0/Mpx resid 0.0369 highlight_ratio 0.746 score=1.055 | mirror sparkle 0.0/Mpx resid 0.0482 highlight_ratio 0.913 (tgt sp<16 resid<0.035) *BEST->saved score_streak=0/20(LOG-ONLY) resid_streak=0/20(ABORT)
[v9n] FIRST BATCH mask check (epoch 18, pi=0 s=0): nohit_px(albedo)=9216/9216 nohit_effective(differs-from-CURE4)=8739 | cross-check vs depth-hit-flag: false_hit_dark(albedo-mask says nohit, depth says REAL HIT)=0 false_miss_albedo(depth says miss, albedo-mask missed it — should be 0)=0
[v9n] epoch 18/300 n2n_mse=0.036790 lr=0.000094 pool_yaws=[-22.4,18.8,-2.8] pool_ms=1425 hist_ms=5305 batch_ms=7726 nohit_px=40166/110592(36.32%) nohit_effective=39807 hitgate=true gated_px=40166 (325.9s)
[v9n] MONITOR epoch 18: val sparkle 0.0/Mpx resid 0.0369 highlight_ratio 0.747 score=1.053 | mirror sparkle 0.0/Mpx resid 0.0480 highlight_ratio 0.913 (tgt sp<16 resid<0.035) *BEST->saved score_streak=0/20(LOG-ONLY) resid_streak=0/20(ABORT)
[v9n] FIRST BATCH mask check (epoch 19, pi=0 s=2): nohit_px(albedo)=9216/9216 nohit_effective(differs-from-CURE4)=8747 | cross-check vs depth-hit-flag: false_hit_dark(albedo-mask says nohit, depth says REAL HIT)=0 false_miss_albedo(depth says miss, albedo-mask missed it — should be 0)=0
[v9n] epoch 19/300 n2n_mse=0.023086 lr=0.000094 pool_yaws=[-19.2,-24.2,23.8] pool_ms=1346 hist_ms=5277 batch_ms=7802 nohit_px=37064/110592(33.51%) nohit_effective=36957 hitgate=true gated_px=37064 (342.9s)
[v9n] MONITOR epoch 19: val sparkle 0.0/Mpx resid 0.0368 highlight_ratio 0.747 score=1.052 | mirror sparkle 0.0/Mpx resid 0.0477 highlight_ratio 0.913 (tgt sp<16 resid<0.035) *BEST->saved score_streak=0/20(LOG-ONLY) resid_streak=0/20(ABORT)
[v9n] FIRST BATCH mask check (epoch 20, pi=3 s=0): nohit_px(albedo)=3138/9216 nohit_effective(differs-from-CURE4)=3706 | cross-check vs depth-hit-flag: false_hit_dark(albedo-mask says nohit, depth says REAL HIT)=3 false_miss_albedo(depth says miss, albedo-mask missed it — should be 0)=0
[v9n] epoch 20/300 n2n_mse=0.009304 lr=0.000094 pool_yaws=[-10.8,10.3,27.6] pool_ms=1373 hist_ms=5260 batch_ms=7526 nohit_px=47703/110592(43.13%) nohit_effective=47688 hitgate=true gated_px=47703 (359.8s)
[v9n] MONITOR epoch 20: val sparkle 0.0/Mpx resid 0.0368 highlight_ratio 0.747 score=1.051 | mirror sparkle 0.0/Mpx resid 0.0475 highlight_ratio 0.913 (tgt sp<16 resid<0.035) *BEST->saved score_streak=0/20(LOG-ONLY) resid_streak=0/20(ABORT)
[v9n] FIRST BATCH mask check (epoch 21, pi=2 s=1): nohit_px(albedo)=1672/9216 nohit_effective(differs-from-CURE4)=1721 | cross-check vs depth-hit-flag: false_hit_dark(albedo-mask says nohit, depth says REAL HIT)=394 false_miss_albedo(depth says miss, albedo-mask missed it — should be 0)=0
[v9n] epoch 21/300 n2n_mse=0.053002 lr=0.000093 pool_yaws=[15.6,8.3,20.9] pool_ms=1374 hist_ms=5250 batch_ms=8125 nohit_px=27176/110592(24.57%) nohit_effective=28794 hitgate=true gated_px=27176 (377.1s)
[v9n] MONITOR epoch 21: val sparkle 0.0/Mpx resid 0.0367 highlight_ratio 0.747 score=1.050 | mirror sparkle 0.0/Mpx resid 0.0472 highlight_ratio 0.913 (tgt sp<16 resid<0.035) *BEST->saved score_streak=0/20(LOG-ONLY) resid_streak=0/20(ABORT)
[v9n] FIRST BATCH mask check (epoch 22, pi=1 s=0): nohit_px(albedo)=0/9216 nohit_effective(differs-from-CURE4)=0 | cross-check vs depth-hit-flag: false_hit_dark(albedo-mask says nohit, depth says REAL HIT)=0 false_miss_albedo(depth says miss, albedo-mask missed it — should be 0)=0
[v9n] NOTE: this single first batch had zero no-hit pixels (crop landed entirely on geometry) — not aborting, waiting for the first EPOCH's aggregate count below.
[v9n] epoch 22/300 n2n_mse=0.006198 lr=0.000093 pool_yaws=[19.1,-13.1,10.0] pool_ms=1353 hist_ms=5180 batch_ms=8581 nohit_px=9416/110592(8.51%) nohit_effective=11083 hitgate=true gated_px=9416 (394.8s)
[v9n] MONITOR epoch 22: val sparkle 0.0/Mpx resid 0.0367 highlight_ratio 0.747 score=1.049 | mirror sparkle 0.0/Mpx resid 0.0469 highlight_ratio 0.913 (tgt sp<16 resid<0.035) *BEST->saved score_streak=0/20(LOG-ONLY) resid_streak=0/20(ABORT)
[v9n] FIRST BATCH mask check (epoch 23, pi=1 s=0): nohit_px(albedo)=8684/9216 nohit_effective(differs-from-CURE4)=8516 | cross-check vs depth-hit-flag: false_hit_dark(albedo-mask says nohit, depth says REAL HIT)=0 false_miss_albedo(depth says miss, albedo-mask missed it — should be 0)=0
[v9n] epoch 23/300 n2n_mse=0.006678 lr=0.000093 pool_yaws=[25.2,-13.6,22.1] pool_ms=1255 hist_ms=5186 batch_ms=6936 nohit_px=63538/110592(57.45%) nohit_effective=64033 hitgate=true gated_px=63538 (410.8s)
[v9n] MONITOR epoch 23: val sparkle 0.0/Mpx resid 0.0367 highlight_ratio 0.747 score=1.047 | mirror sparkle 0.0/Mpx resid 0.0467 highlight_ratio 0.913 (tgt sp<16 resid<0.035) *BEST->saved score_streak=0/20(LOG-ONLY) resid_streak=0/20(ABORT)
[v9n] FIRST BATCH mask check (epoch 24, pi=2 s=2): nohit_px(albedo)=6656/9216 nohit_effective(differs-from-CURE4)=6884 | cross-check vs depth-hit-flag: false_hit_dark(albedo-mask says nohit, depth says REAL HIT)=0 false_miss_albedo(depth says miss, albedo-mask missed it — should be 0)=0
[v9n] epoch 24/300 n2n_mse=0.005303 lr=0.000093 pool_yaws=[21.0,-21.0,6.1] pool_ms=1306 hist_ms=5196 batch_ms=7247 nohit_px=56981/110592(51.52%) nohit_effective=58832 hitgate=true gated_px=56981 (427.2s)
[v9n] MONITOR epoch 24: val sparkle 0.0/Mpx resid 0.0366 highlight_ratio 0.748 score=1.046 | mirror sparkle 0.0/Mpx resid 0.0464 highlight_ratio 0.913 (tgt sp<16 resid<0.035) *BEST->saved score_streak=0/20(LOG-ONLY) resid_streak=0/20(ABORT)
[v9n] PROBE epoch 24: bar-res(640x480) sparkle 0.0/Mpx resid 0.0557 highlight_ratio 0.756 (tgt sp<16 resid<0.035) took 44.8s
[v9n] FIRST BATCH mask check (epoch 25, pi=2 s=0): nohit_px(albedo)=0/9216 nohit_effective(differs-from-CURE4)=0 | cross-check vs depth-hit-flag: false_hit_dark(albedo-mask says nohit, depth says REAL HIT)=426 false_miss_albedo(depth says miss, albedo-mask missed it — should be 0)=0
[v9n] NOTE: this single first batch had zero no-hit pixels (crop landed entirely on geometry) — not aborting, waiting for the first EPOCH's aggregate count below.
[v9n] epoch 25/300 n2n_mse=0.054893 lr=0.000092 pool_yaws=[-28.6,-1.5,-10.3] pool_ms=1284 hist_ms=5145 batch_ms=8247 nohit_px=29838/110592(26.98%) nohit_effective=32435 hitgate=true gated_px=29838 (489.3s)
[v9n] MONITOR epoch 25: val sparkle 0.0/Mpx resid 0.0366 highlight_ratio 0.748 score=1.045 | mirror sparkle 0.0/Mpx resid 0.0461 highlight_ratio 0.913 (tgt sp<16 resid<0.035) *BEST->saved score_streak=0/20(LOG-ONLY) resid_streak=0/20(ABORT)
[v9n] FIRST BATCH mask check (epoch 26, pi=1 s=1): nohit_px(albedo)=0/9216 nohit_effective(differs-from-CURE4)=0 | cross-check vs depth-hit-flag: false_hit_dark(albedo-mask says nohit, depth says REAL HIT)=233 false_miss_albedo(depth says miss, albedo-mask missed it — should be 0)=0
[v9n] NOTE: this single first batch had zero no-hit pixels (crop landed entirely on geometry) — not aborting, waiting for the first EPOCH's aggregate count below.
[v9n] epoch 26/300 n2n_mse=0.034064 lr=0.000092 pool_yaws=[15.8,-7.0,-25.1] pool_ms=1309 hist_ms=5148 batch_ms=8524 nohit_px=9416/110592(8.51%) nohit_effective=10712 hitgate=true gated_px=9416 (506.8s)
[v9n] MONITOR epoch 26: val sparkle 0.0/Mpx resid 0.0365 highlight_ratio 0.748 score=1.043 | mirror sparkle 0.0/Mpx resid 0.0459 highlight_ratio 0.913 (tgt sp<16 resid<0.035) *BEST->saved score_streak=0/20(LOG-ONLY) resid_streak=0/20(ABORT)
[v9n] FIRST BATCH mask check (epoch 27, pi=0 s=2): nohit_px(albedo)=0/9216 nohit_effective(differs-from-CURE4)=0 | cross-check vs depth-hit-flag: false_hit_dark(albedo-mask says nohit, depth says REAL HIT)=0 false_miss_albedo(depth says miss, albedo-mask missed it — should be 0)=0
[v9n] NOTE: this single first batch had zero no-hit pixels (crop landed entirely on geometry) — not aborting, waiting for the first EPOCH's aggregate count below.
[v9n] epoch 27/300 n2n_mse=0.006504 lr=0.000092 pool_yaws=[11.1,29.3,16.2] pool_ms=1240 hist_ms=5145 batch_ms=7154 nohit_px=56115/110592(50.74%) nohit_effective=57727 hitgate=true gated_px=56115 (522.9s)
[v9n] MONITOR epoch 27: val sparkle 0.0/Mpx resid 0.0365 highlight_ratio 0.748 score=1.042 | mirror sparkle 0.0/Mpx resid 0.0456 highlight_ratio 0.913 (tgt sp<16 resid<0.035) *BEST->saved score_streak=0/20(LOG-ONLY) resid_streak=0/20(ABORT)
[v9n] FIRST BATCH mask check (epoch 28, pi=1 s=2): nohit_px(albedo)=9216/9216 nohit_effective(differs-from-CURE4)=9006 | cross-check vs depth-hit-flag: false_hit_dark(albedo-mask says nohit, depth says REAL HIT)=0 false_miss_albedo(depth says miss, albedo-mask missed it — should be 0)=0
[v9n] epoch 28/300 n2n_mse=0.007485 lr=0.000091 pool_yaws=[-14.0,29.1,-20.0] pool_ms=1244 hist_ms=5171 batch_ms=7281 nohit_px=51442/110592(46.52%) nohit_effective=52182 hitgate=true gated_px=51442 (539.3s)
[v9n] MONITOR epoch 28: val sparkle 0.0/Mpx resid 0.0364 highlight_ratio 0.749 score=1.041 | mirror sparkle 0.0/Mpx resid 0.0453 highlight_ratio 0.913 (tgt sp<16 resid<0.035) *BEST->saved score_streak=0/20(LOG-ONLY) resid_streak=0/20(ABORT)
[v9n] FIRST BATCH mask check (epoch 29, pi=2 s=0): nohit_px(albedo)=0/9216 nohit_effective(differs-from-CURE4)=0 | cross-check vs depth-hit-flag: false_hit_dark(albedo-mask says nohit, depth says REAL HIT)=0 false_miss_albedo(depth says miss, albedo-mask missed it — should be 0)=0
[v9n] NOTE: this single first batch had zero no-hit pixels (crop landed entirely on geometry) — not aborting, waiting for the first EPOCH's aggregate count below.
[v9n] epoch 29/300 n2n_mse=0.004313 lr=0.000091 pool_yaws=[6.6,3.0,-7.3] pool_ms=1244 hist_ms=5185 batch_ms=6884 nohit_px=64010/110592(57.88%) nohit_effective=64574 hitgate=true gated_px=64010 (555.2s)
[v9n] MONITOR epoch 29: val sparkle 0.0/Mpx resid 0.0364 highlight_ratio 0.749 score=1.039 | mirror sparkle 0.0/Mpx resid 0.0451 highlight_ratio 0.913 (tgt sp<16 resid<0.035) *BEST->saved score_streak=0/20(LOG-ONLY) resid_streak=0/20(ABORT)
[v9n] FIRST BATCH mask check (epoch 30, pi=0 s=0): nohit_px(albedo)=2387/9216 nohit_effective(differs-from-CURE4)=2632 | cross-check vs depth-hit-flag: false_hit_dark(albedo-mask says nohit, depth says REAL HIT)=41 false_miss_albedo(depth says miss, albedo-mask missed it — should be 0)=0
[v9n] epoch 30/300 n2n_mse=0.021996 lr=0.000091 pool_yaws=[-23.1,18.7,-8.8] pool_ms=1317 hist_ms=5171 batch_ms=8840 nohit_px=16849/110592(15.24%) nohit_effective=19324 hitgate=true gated_px=16849 (573.1s)
[v9n] MONITOR epoch 30: val sparkle 0.0/Mpx resid 0.0363 highlight_ratio 0.749 score=1.038 | mirror sparkle 0.0/Mpx resid 0.0448 highlight_ratio 0.913 (tgt sp<16 resid<0.035) *BEST->saved score_streak=0/20(LOG-ONLY) resid_streak=0/20(ABORT)
[v9n] FIRST BATCH mask check (epoch 31, pi=0 s=1): nohit_px(albedo)=654/9216 nohit_effective(differs-from-CURE4)=736 | cross-check vs depth-hit-flag: false_hit_dark(albedo-mask says nohit, depth says REAL HIT)=19 false_miss_albedo(depth says miss, albedo-mask missed it — should be 0)=0
[v9n] epoch 31/300 n2n_mse=0.010534 lr=0.000091 pool_yaws=[-25.3,14.2,28.5] pool_ms=1210 hist_ms=5157 batch_ms=7662 nohit_px=37502/110592(33.91%) nohit_effective=40440 hitgate=true gated_px=37502 (589.7s)
[v9n] MONITOR epoch 31: val sparkle 0.0/Mpx resid 0.0363 highlight_ratio 0.749 score=1.037 | mirror sparkle 0.0/Mpx resid 0.0445 highlight_ratio 0.913 (tgt sp<16 resid<0.035) *BEST->saved score_streak=0/20(LOG-ONLY) resid_streak=0/20(ABORT)
[v9n] FIRST BATCH mask check (epoch 32, pi=3 s=0): nohit_px(albedo)=3138/9216 nohit_effective(differs-from-CURE4)=3625 | cross-check vs depth-hit-flag: false_hit_dark(albedo-mask says nohit, depth says REAL HIT)=3 false_miss_albedo(depth says miss, albedo-mask missed it — should be 0)=0
[v9n] epoch 32/300 n2n_mse=0.004772 lr=0.000090 pool_yaws=[24.2,-2.5,17.1] pool_ms=1392 hist_ms=5190 batch_ms=7749 nohit_px=37064/110592(33.51%) nohit_effective=37853 hitgate=true gated_px=37064 (606.6s)
[v9n] MONITOR epoch 32: val sparkle 0.0/Mpx resid 0.0362 highlight_ratio 0.750 score=1.035 | mirror sparkle 0.0/Mpx resid 0.0443 highlight_ratio 0.913 (tgt sp<16 resid<0.035) *BEST->saved score_streak=0/20(LOG-ONLY) resid_streak=0/20(ABORT)
[v9n] FIRST BATCH mask check (epoch 33, pi=3 s=1): nohit_px(albedo)=3160/9216 nohit_effective(differs-from-CURE4)=3762 | cross-check vs depth-hit-flag: false_hit_dark(albedo-mask says nohit, depth says REAL HIT)=1 false_miss_albedo(depth says miss, albedo-mask missed it — should be 0)=0
[v9n] epoch 33/300 n2n_mse=0.035859 lr=0.000090 pool_yaws=[4.8,26.2,27.5] pool_ms=1280 hist_ms=5175 batch_ms=8526 nohit_px=14907/110592(13.48%) nohit_effective=17774 hitgate=true gated_px=14907 (624.2s)
[v9n] MONITOR epoch 33: val sparkle 0.0/Mpx resid 0.0362 highlight_ratio 0.750 score=1.034 | mirror sparkle 0.0/Mpx resid 0.0440 highlight_ratio 0.913 (tgt sp<16 resid<0.035) *BEST->saved score_streak=0/20(LOG-ONLY) resid_streak=0/20(ABORT)
[v9n] FIRST BATCH mask check (epoch 34, pi=0 s=2): nohit_px(albedo)=6336/9216 nohit_effective(differs-from-CURE4)=6225 | cross-check vs depth-hit-flag: false_hit_dark(albedo-mask says nohit, depth says REAL HIT)=0 false_miss_albedo(depth says miss, albedo-mask missed it — should be 0)=0
[v9n] epoch 34/300 n2n_mse=0.004663 lr=0.000090 pool_yaws=[3.2,5.7,3.4] pool_ms=1238 hist_ms=5175 batch_ms=7293 nohit_px=55640/110592(50.31%) nohit_effective=56322 hitgate=true gated_px=55640 (640.5s)
[v9n] MONITOR epoch 34: val sparkle 0.0/Mpx resid 0.0361 highlight_ratio 0.751 score=1.033 | mirror sparkle 0.0/Mpx resid 0.0437 highlight_ratio 0.913 (tgt sp<16 resid<0.035) *BEST->saved score_streak=0/20(LOG-ONLY) resid_streak=0/20(ABORT)
[v9n] FIRST BATCH mask check (epoch 35, pi=0 s=2): nohit_px(albedo)=7485/9216 nohit_effective(differs-from-CURE4)=7928 | cross-check vs depth-hit-flag: false_hit_dark(albedo-mask says nohit, depth says REAL HIT)=23 false_miss_albedo(depth says miss, albedo-mask missed it — should be 0)=0
[v9n] epoch 35/300 n2n_mse=0.041465 lr=0.000090 pool_yaws=[1.0,28.1,24.9] pool_ms=1339 hist_ms=5174 batch_ms=8035 nohit_px=31705/110592(28.67%) nohit_effective=35070 hitgate=true gated_px=31705 (657.7s)
[v9n] MONITOR epoch 35: val sparkle 0.0/Mpx resid 0.0361 highlight_ratio 0.751 score=1.031 | mirror sparkle 0.0/Mpx resid 0.0435 highlight_ratio 0.913 (tgt sp<16 resid<0.035) *BEST->saved score_streak=0/20(LOG-ONLY) resid_streak=0/20(ABORT)
[v9n] FIRST BATCH mask check (epoch 36, pi=3 s=1): nohit_px(albedo)=3160/9216 nohit_effective(differs-from-CURE4)=3738 | cross-check vs depth-hit-flag: false_hit_dark(albedo-mask says nohit, depth says REAL HIT)=1 false_miss_albedo(depth says miss, albedo-mask missed it — should be 0)=0
[v9n] epoch 36/300 n2n_mse=0.039335 lr=0.000089 pool_yaws=[27.0,-0.5,19.5] pool_ms=1320 hist_ms=5183 batch_ms=8242 nohit_px=26948/110592(24.37%) nohit_effective=29895 hitgate=true gated_px=26948 (675.0s)
[v9n] MONITOR epoch 36: val sparkle 0.0/Mpx resid 0.0361 highlight_ratio 0.751 score=1.030 | mirror sparkle 0.0/Mpx resid 0.0432 highlight_ratio 0.913 (tgt sp<16 resid<0.035) *BEST->saved score_streak=0/20(LOG-ONLY) resid_streak=0/20(ABORT)
[v9n] FIRST BATCH mask check (epoch 37, pi=1 s=0): nohit_px(albedo)=8981/9216 nohit_effective(differs-from-CURE4)=9052 | cross-check vs depth-hit-flag: false_hit_dark(albedo-mask says nohit, depth says REAL HIT)=0 false_miss_albedo(depth says miss, albedo-mask missed it — should be 0)=0
[v9n] epoch 37/300 n2n_mse=0.004836 lr=0.000089 pool_yaws=[2.0,-3.0,17.8] pool_ms=1246 hist_ms=5176 batch_ms=6982 nohit_px=63597/110592(57.51%) nohit_effective=64722 hitgate=true gated_px=63597 (691.0s)
[v9n] MONITOR epoch 37: val sparkle 0.0/Mpx resid 0.0360 highlight_ratio 0.752 score=1.029 | mirror sparkle 0.0/Mpx resid 0.0429 highlight_ratio 0.913 (tgt sp<16 resid<0.035) *BEST->saved score_streak=0/20(LOG-ONLY) resid_streak=0/20(ABORT)
[v9n] FIRST BATCH mask check (epoch 38, pi=3 s=0): nohit_px(albedo)=3138/9216 nohit_effective(differs-from-CURE4)=3681 | cross-check vs depth-hit-flag: false_hit_dark(albedo-mask says nohit, depth says REAL HIT)=3 false_miss_albedo(depth says miss, albedo-mask missed it — should be 0)=0
[v9n] epoch 38/300 n2n_mse=0.020331 lr=0.000089 pool_yaws=[13.7,5.1,-21.6] pool_ms=1236 hist_ms=5177 batch_ms=6872 nohit_px=64422/110592(58.25%) nohit_effective=65858 hitgate=true gated_px=64422 (706.9s)
[v9n] MONITOR epoch 38: val sparkle 0.0/Mpx resid 0.0360 highlight_ratio 0.752 score=1.027 | mirror sparkle 0.0/Mpx resid 0.0427 highlight_ratio 0.913 (tgt sp<16 resid<0.035) *BEST->saved score_streak=0/20(LOG-ONLY) resid_streak=0/20(ABORT)
[v9n] FIRST BATCH mask check (epoch 39, pi=2 s=2): nohit_px(albedo)=810/9216 nohit_effective(differs-from-CURE4)=946 | cross-check vs depth-hit-flag: false_hit_dark(albedo-mask says nohit, depth says REAL HIT)=33 false_miss_albedo(depth says miss, albedo-mask missed it — should be 0)=0
[v9n] epoch 39/300 n2n_mse=0.007876 lr=0.000088 pool_yaws=[-1.9,16.2,-28.9] pool_ms=1462 hist_ms=5217 batch_ms=8568 nohit_px=39272/110592(35.51%) nohit_effective=41491 hitgate=true gated_px=39272 (724.7s)
[v9n] MONITOR epoch 39: val sparkle 0.0/Mpx resid 0.0359 highlight_ratio 0.753 score=1.026 | mirror sparkle 0.0/Mpx resid 0.0424 highlight_ratio 0.913 (tgt sp<16 resid<0.035) *BEST->saved score_streak=0/20(LOG-ONLY) resid_streak=0/20(ABORT)
[v9n] FIRST BATCH mask check (epoch 40, pi=3 s=0): nohit_px(albedo)=3138/9216 nohit_effective(differs-from-CURE4)=3953 | cross-check vs depth-hit-flag: false_hit_dark(albedo-mask says nohit, depth says REAL HIT)=3 false_miss_albedo(depth says miss, albedo-mask missed it — should be 0)=0
[v9n] epoch 40/300 n2n_mse=0.061287 lr=0.000088 pool_yaws=[20.4,24.7,23.3] pool_ms=1328 hist_ms=5203 batch_ms=7869 nohit_px=37064/110592(33.51%) nohit_effective=38677 hitgate=true gated_px=37064 (742.0s)
[v9n] MONITOR epoch 40: val sparkle 0.0/Mpx resid 0.0359 highlight_ratio 0.753 score=1.025 | mirror sparkle 0.0/Mpx resid 0.0422 highlight_ratio 0.913 (tgt sp<16 resid<0.035) *BEST->saved score_streak=0/20(LOG-ONLY) resid_streak=0/20(ABORT)
[v9n] FIRST BATCH mask check (epoch 41, pi=2 s=1): nohit_px(albedo)=0/9216 nohit_effective(differs-from-CURE4)=0 | cross-check vs depth-hit-flag: false_hit_dark(albedo-mask says nohit, depth says REAL HIT)=0 false_miss_albedo(depth says miss, albedo-mask missed it — should be 0)=0
[v9n] NOTE: this single first batch had zero no-hit pixels (crop landed entirely on geometry) — not aborting, waiting for the first EPOCH's aggregate count below.
[v9n] epoch 41/300 n2n_mse=0.004997 lr=0.000088 pool_yaws=[-21.5,14.4,-29.9] pool_ms=1374 hist_ms=5240 batch_ms=8508 nohit_px=15785/110592(14.27%) nohit_effective=17275 hitgate=true gated_px=15785 (759.7s)
[v9n] MONITOR epoch 41: val sparkle 0.0/Mpx resid 0.0358 highlight_ratio 0.754 score=1.023 | mirror sparkle 0.0/Mpx resid 0.0419 highlight_ratio 0.913 (tgt sp<16 resid<0.035) *BEST->saved score_streak=0/20(LOG-ONLY) resid_streak=0/20(ABORT)
[v9n] FIRST BATCH mask check (epoch 42, pi=0 s=0): nohit_px(albedo)=9216/9216 nohit_effective(differs-from-CURE4)=9037 | cross-check vs depth-hit-flag: false_hit_dark(albedo-mask says nohit, depth says REAL HIT)=0 false_miss_albedo(depth says miss, albedo-mask missed it — should be 0)=0
[v9n] epoch 42/300 n2n_mse=0.003928 lr=0.000088 pool_yaws=[-6.0,9.0,16.2] pool_ms=1605 hist_ms=5697 batch_ms=8316 nohit_px=64712/110592(58.51%) nohit_effective=65215 hitgate=true gated_px=64712 (778.0s)
[v9n] MONITOR epoch 42: val sparkle 0.0/Mpx resid 0.0358 highlight_ratio 0.754 score=1.022 | mirror sparkle 0.0/Mpx resid 0.0417 highlight_ratio 0.913 (tgt sp<16 resid<0.035) *BEST->saved score_streak=0/20(LOG-ONLY) resid_streak=0/20(ABORT)
[v9n] FIRST BATCH mask check (epoch 43, pi=1 s=2): nohit_px(albedo)=1899/9216 nohit_effective(differs-from-CURE4)=2109 | cross-check vs depth-hit-flag: false_hit_dark(albedo-mask says nohit, depth says REAL HIT)=204 false_miss_albedo(depth says miss, albedo-mask missed it — should be 0)=0
[v9n] epoch 43/300 n2n_mse=0.045360 lr=0.000087 pool_yaws=[4.9,0.1,-17.0] pool_ms=1523 hist_ms=5471 batch_ms=8594 nohit_px=39053/110592(35.31%) nohit_effective=42746 hitgate=true gated_px=39053 (796.3s)
[v9n] MONITOR epoch 43: val sparkle 0.0/Mpx resid 0.0357 highlight_ratio 0.755 score=1.021 | mirror sparkle 0.0/Mpx resid 0.0414 highlight_ratio 0.913 (tgt sp<16 resid<0.035) *BEST->saved score_streak=0/20(LOG-ONLY) resid_streak=0/20(ABORT)
[v9n] FIRST BATCH mask check (epoch 44, pi=3 s=2): nohit_px(albedo)=3118/9216 nohit_effective(differs-from-CURE4)=3883 | cross-check vs depth-hit-flag: false_hit_dark(albedo-mask says nohit, depth says REAL HIT)=3 false_miss_albedo(depth says miss, albedo-mask missed it — should be 0)=0
[v9n] epoch 44/300 n2n_mse=0.005812 lr=0.000087 pool_yaws=[-29.7,9.5,-10.4] pool_ms=1840 hist_ms=5606 batch_ms=10282 nohit_px=9416/110592(8.51%) nohit_effective=11446 hitgate=true gated_px=9416 (816.9s)
[v9n] MONITOR epoch 44: val sparkle 0.0/Mpx resid 0.0357 highlight_ratio 0.755 score=1.019 | mirror sparkle 0.0/Mpx resid 0.0412 highlight_ratio 0.913 (tgt sp<16 resid<0.035) *BEST->saved score_streak=0/20(LOG-ONLY) resid_streak=0/20(ABORT)
[v9n] FIRST BATCH mask check (epoch 45, pi=1 s=0): nohit_px(albedo)=0/9216 nohit_effective(differs-from-CURE4)=0 | cross-check vs depth-hit-flag: false_hit_dark(albedo-mask says nohit, depth says REAL HIT)=0 false_miss_albedo(depth says miss, albedo-mask missed it — should be 0)=0
[v9n] NOTE: this single first batch had zero no-hit pixels (crop landed entirely on geometry) — not aborting, waiting for the first EPOCH's aggregate count below.
[v9n] epoch 45/300 n2n_mse=0.004422 lr=0.000087 pool_yaws=[-22.3,5.4,9.6] pool_ms=1614 hist_ms=5520 batch_ms=9175 nohit_px=9416/110592(8.51%) nohit_effective=12321 hitgate=true gated_px=9416 (836.2s)
[v9n] MONITOR epoch 45: val sparkle 0.0/Mpx resid 0.0356 highlight_ratio 0.756 score=1.018 | mirror sparkle 0.0/Mpx resid 0.0410 highlight_ratio 0.913 (tgt sp<16 resid<0.035) *BEST->saved score_streak=0/20(LOG-ONLY) resid_streak=0/20(ABORT)
[v9n] FIRST BATCH mask check (epoch 46, pi=3 s=0): nohit_px(albedo)=3138/9216 nohit_effective(differs-from-CURE4)=3972 | cross-check vs depth-hit-flag: false_hit_dark(albedo-mask says nohit, depth says REAL HIT)=3 false_miss_albedo(depth says miss, albedo-mask missed it — should be 0)=0
[v9n] epoch 46/300 n2n_mse=0.006712 lr=0.000087 pool_yaws=[19.6,-6.1,8.1] pool_ms=1411 hist_ms=5485 batch_ms=7849 nohit_px=44495/110592(40.23%) nohit_effective=46578 hitgate=true gated_px=44495 (853.6s)
[v9n] MONITOR epoch 46: val sparkle 0.0/Mpx resid 0.0356 highlight_ratio 0.756 score=1.017 | mirror sparkle 0.0/Mpx resid 0.0407 highlight_ratio 0.913 (tgt sp<16 resid<0.035) *BEST->saved score_streak=0/20(LOG-ONLY) resid_streak=0/20(ABORT)
[v9n] FIRST BATCH mask check (epoch 47, pi=2 s=2): nohit_px(albedo)=0/9216 nohit_effective(differs-from-CURE4)=0 | cross-check vs depth-hit-flag: false_hit_dark(albedo-mask says nohit, depth says REAL HIT)=0 false_miss_albedo(depth says miss, albedo-mask missed it — should be 0)=0
[v9n] NOTE: this single first batch had zero no-hit pixels (crop landed entirely on geometry) — not aborting, waiting for the first EPOCH's aggregate count below.
[v9n] epoch 47/300 n2n_mse=0.004537 lr=0.000086 pool_yaws=[-13.9,12.8,-27.8] pool_ms=1353 hist_ms=5429 batch_ms=8090 nohit_px=37064/110592(33.51%) nohit_effective=38281 hitgate=true gated_px=37064 (871.2s)
[v9n] MONITOR epoch 47: val sparkle 0.0/Mpx resid 0.0356 highlight_ratio 0.757 score=1.016 | mirror sparkle 0.0/Mpx resid 0.0405 highlight_ratio 0.914 (tgt sp<16 resid<0.035) *BEST->saved score_streak=0/20(LOG-ONLY) resid_streak=0/20(ABORT)
[v9n] FIRST BATCH mask check (epoch 48, pi=2 s=2): nohit_px(albedo)=0/9216 nohit_effective(differs-from-CURE4)=0 | cross-check vs depth-hit-flag: false_hit_dark(albedo-mask says nohit, depth says REAL HIT)=0 false_miss_albedo(depth says miss, albedo-mask missed it — should be 0)=0
[v9n] NOTE: this single first batch had zero no-hit pixels (crop landed entirely on geometry) — not aborting, waiting for the first EPOCH's aggregate count below.
[v9n] epoch 48/300 n2n_mse=0.005483 lr=0.000086 pool_yaws=[14.7,18.5,24.1] pool_ms=1565 hist_ms=5474 batch_ms=8789 nohit_px=30995/110592(28.03%) nohit_effective=33452 hitgate=true gated_px=30995 (889.7s)
[v9n] MONITOR epoch 48: val sparkle 108.5/Mpx resid 0.0355 highlight_ratio 0.757 score=2.713 | mirror sparkle 0.0/Mpx resid 0.0402 highlight_ratio 0.914 (tgt sp<16 resid<0.035) score_streak=1/20(LOG-ONLY) resid_streak=0/20(ABORT)
[v9n] FIRST BATCH mask check (epoch 49, pi=0 s=1): nohit_px(albedo)=9216/9216 nohit_effective(differs-from-CURE4)=9073 | cross-check vs depth-hit-flag: false_hit_dark(albedo-mask says nohit, depth says REAL HIT)=0 false_miss_albedo(depth says miss, albedo-mask missed it — should be 0)=0
[v9n] epoch 49/300 n2n_mse=0.006043 lr=0.000086 pool_yaws=[28.5,-27.2,-29.7] pool_ms=1430 hist_ms=6710 batch_ms=9313 nohit_px=37064/110592(33.51%) nohit_effective=38412 hitgate=true gated_px=37064 (910.0s)
[v9n] MONITOR epoch 49: val sparkle 108.5/Mpx resid 0.0355 highlight_ratio 0.758 score=2.713 | mirror sparkle 0.0/Mpx resid 0.0400 highlight_ratio 0.914 (tgt sp<16 resid<0.035) score_streak=2/20(LOG-ONLY) resid_streak=0/20(ABORT)
[v9n] PROBE epoch 49: bar-res(640x480) sparkle 0.0/Mpx resid 0.0518 highlight_ratio 0.769 (tgt sp<16 resid<0.035) took 52.5s
[v9n] FIRST BATCH mask check (epoch 50, pi=2 s=1): nohit_px(albedo)=0/9216 nohit_effective(differs-from-CURE4)=0 | cross-check vs depth-hit-flag: false_hit_dark(albedo-mask says nohit, depth says REAL HIT)=0 false_miss_albedo(depth says miss, albedo-mask missed it — should be 0)=0
[v9n] NOTE: this single first batch had zero no-hit pixels (crop landed entirely on geometry) — not aborting, waiting for the first EPOCH's aggregate count below.
[v9n] epoch 50/300 n2n_mse=0.005007 lr=0.000086 pool_yaws=[-24.3,-17.3,15.1] pool_ms=1699 hist_ms=5485 batch_ms=9186 nohit_px=10570/110592(9.56%) nohit_effective=12761 hitgate=true gated_px=10570 (982.0s)
[v9n] MONITOR epoch 50: val sparkle 108.5/Mpx resid 0.0354 highlight_ratio 0.758 score=2.713 | mirror sparkle 0.0/Mpx resid 0.0398 highlight_ratio 0.914 (tgt sp<16 resid<0.035) score_streak=3/20(LOG-ONLY) resid_streak=0/20(ABORT)
[v9n] FIRST BATCH mask check (epoch 51, pi=3 s=0): nohit_px(albedo)=3138/9216 nohit_effective(differs-from-CURE4)=3822 | cross-check vs depth-hit-flag: false_hit_dark(albedo-mask says nohit, depth says REAL HIT)=3 false_miss_albedo(depth says miss, albedo-mask missed it — should be 0)=0
[v9n] epoch 51/300 n2n_mse=0.004516 lr=0.000085 pool_yaws=[28.2,22.4,-1.2] pool_ms=1608 hist_ms=5579 batch_ms=7525 nohit_px=64694/110592(58.50%) nohit_effective=65668 hitgate=true gated_px=64694 (999.6s)
[v9n] MONITOR epoch 51: val sparkle 108.5/Mpx resid 0.0354 highlight_ratio 0.759 score=2.713 | mirror sparkle 0.0/Mpx resid 0.0395 highlight_ratio 0.914 (tgt sp<16 resid<0.035) score_streak=4/20(LOG-ONLY) resid_streak=0/20(ABORT)
[v9n] FIRST BATCH mask check (epoch 52, pi=3 s=0): nohit_px(albedo)=3138/9216 nohit_effective(differs-from-CURE4)=3698 | cross-check vs depth-hit-flag: false_hit_dark(albedo-mask says nohit, depth says REAL HIT)=3 false_miss_albedo(depth says miss, albedo-mask missed it — should be 0)=0
[v9n] epoch 52/300 n2n_mse=0.050143 lr=0.000085 pool_yaws=[26.8,13.7,25.0] pool_ms=1624 hist_ms=5614 batch_ms=8680 nohit_px=39616/110592(35.82%) nohit_effective=42125 hitgate=true gated_px=39616 (1018.4s)
[v9n] MONITOR epoch 52: val sparkle 108.5/Mpx resid 0.0354 highlight_ratio 0.759 score=2.713 | mirror sparkle 0.0/Mpx resid 0.0393 highlight_ratio 0.914 (tgt sp<16 resid<0.035) score_streak=5/20(LOG-ONLY) resid_streak=0/20(ABORT)
[v9n] FIRST BATCH mask check (epoch 53, pi=3 s=1): nohit_px(albedo)=3160/9216 nohit_effective(differs-from-CURE4)=3611 | cross-check vs depth-hit-flag: false_hit_dark(albedo-mask says nohit, depth says REAL HIT)=1 false_miss_albedo(depth says miss, albedo-mask missed it — should be 0)=0
[v9n] epoch 53/300 n2n_mse=0.050607 lr=0.000085 pool_yaws=[-29.5,19.2,26.5] pool_ms=1693 hist_ms=5598 batch_ms=9472 nohit_px=9416/110592(8.51%) nohit_effective=10892 hitgate=true gated_px=9416 (1037.9s)
[v9n] MONITOR epoch 53: val sparkle 108.5/Mpx resid 0.0353 highlight_ratio 0.760 score=2.713 | mirror sparkle 0.0/Mpx resid 0.0391 highlight_ratio 0.914 (tgt sp<16 resid<0.035) score_streak=6/20(LOG-ONLY) resid_streak=0/20(ABORT)
[v9n] FIRST BATCH mask check (epoch 54, pi=1 s=1): nohit_px(albedo)=0/9216 nohit_effective(differs-from-CURE4)=0 | cross-check vs depth-hit-flag: false_hit_dark(albedo-mask says nohit, depth says REAL HIT)=164 false_miss_albedo(depth says miss, albedo-mask missed it — should be 0)=0
[v9n] NOTE: this single first batch had zero no-hit pixels (crop landed entirely on geometry) — not aborting, waiting for the first EPOCH's aggregate count below.
[v9n] epoch 54/300 n2n_mse=0.024327 lr=0.000085 pool_yaws=[17.8,-4.4,10.4] pool_ms=1547 hist_ms=5461 batch_ms=8135 nohit_px=37064/110592(33.51%) nohit_effective=35362 hitgate=true gated_px=37064 (1055.9s)
[v9n] MONITOR epoch 54: val sparkle 108.5/Mpx resid 0.0353 highlight_ratio 0.760 score=2.713 | mirror sparkle 0.0/Mpx resid 0.0388 highlight_ratio 0.914 (tgt sp<16 resid<0.035) score_streak=7/20(LOG-ONLY) resid_streak=0/20(ABORT)
[v9n] FIRST BATCH mask check (epoch 55, pi=1 s=2): nohit_px(albedo)=9216/9216 nohit_effective(differs-from-CURE4)=9076 | cross-check vs depth-hit-flag: false_hit_dark(albedo-mask says nohit, depth says REAL HIT)=0 false_miss_albedo(depth says miss, albedo-mask missed it — should be 0)=0
[v9n] epoch 55/300 n2n_mse=0.038228 lr=0.000085 pool_yaws=[-25.4,21.1,-22.3] pool_ms=1489 hist_ms=5496 batch_ms=8119 nohit_px=42348/110592(38.29%) nohit_effective=45036 hitgate=true gated_px=42348 (1073.7s)
[v9n] MONITOR epoch 55: val sparkle 108.5/Mpx resid 0.0353 highlight_ratio 0.760 score=2.713 | mirror sparkle 0.0/Mpx resid 0.0386 highlight_ratio 0.914 (tgt sp<16 resid<0.035) score_streak=8/20(LOG-ONLY) resid_streak=0/20(ABORT)
[v9n] FIRST BATCH mask check (epoch 56, pi=2 s=2): nohit_px(albedo)=0/9216 nohit_effective(differs-from-CURE4)=0 | cross-check vs depth-hit-flag: false_hit_dark(albedo-mask says nohit, depth says REAL HIT)=0 false_miss_albedo(depth says miss, albedo-mask missed it — should be 0)=0
[v9n] NOTE: this single first batch had zero no-hit pixels (crop landed entirely on geometry) — not aborting, waiting for the first EPOCH's aggregate count below.
[v9n] epoch 56/300 n2n_mse=0.004220 lr=0.000084 pool_yaws=[-5.3,-16.6,9.0] pool_ms=1738 hist_ms=5449 batch_ms=9438 nohit_px=9416/110592(8.51%) nohit_effective=11573 hitgate=true gated_px=9416 (1093.1s)
[v9n] MONITOR epoch 56: val sparkle 108.5/Mpx resid 0.0352 highlight_ratio 0.761 score=2.713 | mirror sparkle 0.0/Mpx resid 0.0384 highlight_ratio 0.914 (tgt sp<16 resid<0.035) score_streak=9/20(LOG-ONLY) resid_streak=0/20(ABORT)
[v9n] FIRST BATCH mask check (epoch 57, pi=2 s=1): nohit_px(albedo)=0/9216 nohit_effective(differs-from-CURE4)=0 | cross-check vs depth-hit-flag: false_hit_dark(albedo-mask says nohit, depth says REAL HIT)=0 false_miss_albedo(depth says miss, albedo-mask missed it — should be 0)=0
[v9n] NOTE: this single first batch had zero no-hit pixels (crop landed entirely on geometry) — not aborting, waiting for the first EPOCH's aggregate count below.
[v9n] epoch 57/300 n2n_mse=0.013603 lr=0.000084 pool_yaws=[19.9,17.9,28.2] pool_ms=1752 hist_ms=5523 batch_ms=9164 nohit_px=14223/110592(12.86%) nohit_effective=17594 hitgate=true gated_px=14223 (1112.2s)
[v9n] MONITOR epoch 57: val sparkle 108.5/Mpx resid 0.0352 highlight_ratio 0.761 score=2.713 | mirror sparkle 0.0/Mpx resid 0.0382 highlight_ratio 0.914 (tgt sp<16 resid<0.035) score_streak=10/20(LOG-ONLY) resid_streak=0/20(ABORT)
[v9n] FIRST BATCH mask check (epoch 58, pi=1 s=0): nohit_px(albedo)=0/9216 nohit_effective(differs-from-CURE4)=0 | cross-check vs depth-hit-flag: false_hit_dark(albedo-mask says nohit, depth says REAL HIT)=0 false_miss_albedo(depth says miss, albedo-mask missed it — should be 0)=0
[v9n] NOTE: this single first batch had zero no-hit pixels (crop landed entirely on geometry) — not aborting, waiting for the first EPOCH's aggregate count below.
[v9n] epoch 58/300 n2n_mse=0.003355 lr=0.000084 pool_yaws=[29.7,-9.9,13.4] pool_ms=1640 hist_ms=5462 batch_ms=8169 nohit_px=37064/110592(33.51%) nohit_effective=38313 hitgate=true gated_px=37064 (1130.3s)
[v9n] MONITOR epoch 58: val sparkle 108.5/Mpx resid 0.0352 highlight_ratio 0.762 score=2.713 | mirror sparkle 0.0/Mpx resid 0.0380 highlight_ratio 0.914 (tgt sp<16 resid<0.035) score_streak=11/20(LOG-ONLY) resid_streak=0/20(ABORT)
[v9n] FIRST BATCH mask check (epoch 59, pi=0 s=1): nohit_px(albedo)=5472/9216 nohit_effective(differs-from-CURE4)=5316 | cross-check vs depth-hit-flag: false_hit_dark(albedo-mask says nohit, depth says REAL HIT)=0 false_miss_albedo(depth says miss, albedo-mask missed it — should be 0)=0
[v9n] epoch 59/300 n2n_mse=0.003708 lr=0.000084 pool_yaws=[11.2,-7.8,27.0] pool_ms=1604 hist_ms=5452 batch_ms=8669 nohit_px=25832/110592(23.36%) nohit_effective=27083 hitgate=true gated_px=25832 (1148.7s)
[v9n] MONITOR epoch 59: val sparkle 108.5/Mpx resid 0.0352 highlight_ratio 0.762 score=2.713 | mirror sparkle 0.0/Mpx resid 0.0378 highlight_ratio 0.914 (tgt sp<16 resid<0.035) score_streak=12/20(LOG-ONLY) resid_streak=0/20(ABORT)
[v9n] FIRST BATCH mask check (epoch 60, pi=2 s=0): nohit_px(albedo)=4354/9216 nohit_effective(differs-from-CURE4)=4503 | cross-check vs depth-hit-flag: false_hit_dark(albedo-mask says nohit, depth says REAL HIT)=63 false_miss_albedo(depth says miss, albedo-mask missed it — should be 0)=0
[v9n] epoch 60/300 n2n_mse=0.013028 lr=0.000083 pool_yaws=[21.6,2.6,-6.0] pool_ms=1630 hist_ms=5461 batch_ms=9048 nohit_px=41189/110592(37.24%) nohit_effective=43055 hitgate=true gated_px=41189 (1167.6s)
[v9n] MONITOR epoch 60: val sparkle 108.5/Mpx resid 0.0351 highlight_ratio 0.763 score=2.713 | mirror sparkle 0.0/Mpx resid 0.0375 highlight_ratio 0.914 (tgt sp<16 resid<0.035) score_streak=13/20(LOG-ONLY) resid_streak=0/20(ABORT)
[v9n] FIRST BATCH mask check (epoch 61, pi=0 s=2): nohit_px(albedo)=9216/9216 nohit_effective(differs-from-CURE4)=9012 | cross-check vs depth-hit-flag: false_hit_dark(albedo-mask says nohit, depth says REAL HIT)=0 false_miss_albedo(depth says miss, albedo-mask missed it — should be 0)=0
[v9n] epoch 61/300 n2n_mse=0.004466 lr=0.000083 pool_yaws=[-4.0,19.2,-14.1] pool_ms=1584 hist_ms=5442 batch_ms=8253 nohit_px=37064/110592(33.51%) nohit_effective=37462 hitgate=true gated_px=37064 (1185.6s)
[v9n] MONITOR epoch 61: val sparkle 108.5/Mpx resid 0.0351 highlight_ratio 0.763 score=2.713 | mirror sparkle 0.0/Mpx resid 0.0373 highlight_ratio 0.914 (tgt sp<16 resid<0.035) score_streak=14/20(LOG-ONLY) resid_streak=0/20(ABORT)
[v9n] FIRST BATCH mask check (epoch 62, pi=0 s=1): nohit_px(albedo)=3116/9216 nohit_effective(differs-from-CURE4)=3015 | cross-check vs depth-hit-flag: false_hit_dark(albedo-mask says nohit, depth says REAL HIT)=0 false_miss_albedo(depth says miss, albedo-mask missed it — should be 0)=0
[v9n] epoch 62/300 n2n_mse=0.004899 lr=0.000083 pool_yaws=[-26.2,-9.3,-11.4] pool_ms=1591 hist_ms=5449 batch_ms=8929 nohit_px=18832/110592(17.03%) nohit_effective=19965 hitgate=true gated_px=18832 (1204.3s)
[v9n] MONITOR epoch 62: val sparkle 108.5/Mpx resid 0.0351 highlight_ratio 0.763 score=2.713 | mirror sparkle 0.0/Mpx resid 0.0371 highlight_ratio 0.914 (tgt sp<16 resid<0.035) score_streak=15/20(LOG-ONLY) resid_streak=0/20(ABORT)
[v9n] FIRST BATCH mask check (epoch 63, pi=3 s=0): nohit_px(albedo)=3138/9216 nohit_effective(differs-from-CURE4)=3652 | cross-check vs depth-hit-flag: false_hit_dark(albedo-mask says nohit, depth says REAL HIT)=3 false_miss_albedo(depth says miss, albedo-mask missed it — should be 0)=0
[v9n] epoch 63/300 n2n_mse=0.003291 lr=0.000083 pool_yaws=[1.7,-1.5,3.2] pool_ms=1452 hist_ms=5503 batch_ms=7350 nohit_px=64685/110592(58.49%) nohit_effective=65418 hitgate=true gated_px=64685 (1221.3s)
[v9n] MONITOR epoch 63: val sparkle 108.5/Mpx resid 0.0351 highlight_ratio 0.764 score=2.713 | mirror sparkle 0.0/Mpx resid 0.0369 highlight_ratio 0.914 (tgt sp<16 resid<0.035) score_streak=16/20(LOG-ONLY) resid_streak=0/20(ABORT)
[v9n] FIRST BATCH mask check (epoch 64, pi=0 s=2): nohit_px(albedo)=0/9216 nohit_effective(differs-from-CURE4)=0 | cross-check vs depth-hit-flag: false_hit_dark(albedo-mask says nohit, depth says REAL HIT)=0 false_miss_albedo(depth says miss, albedo-mask missed it — should be 0)=0
[v9n] NOTE: this single first batch had zero no-hit pixels (crop landed entirely on geometry) — not aborting, waiting for the first EPOCH's aggregate count below.
[v9n] epoch 64/300 n2n_mse=0.045370 lr=0.000082 pool_yaws=[13.1,19.8,19.9] pool_ms=1671 hist_ms=5490 batch_ms=9772 nohit_px=9416/110592(8.51%) nohit_effective=11384 hitgate=true gated_px=9416 (1240.9s)
[v9n] MONITOR epoch 64: val sparkle 108.5/Mpx resid 0.0350 highlight_ratio 0.764 score=2.713 | mirror sparkle 0.0/Mpx resid 0.0367 highlight_ratio 0.914 (tgt sp<16 resid<0.035) score_streak=17/20(LOG-ONLY) resid_streak=0/20(ABORT)
[v9n] FIRST BATCH mask check (epoch 65, pi=3 s=0): nohit_px(albedo)=3138/9216 nohit_effective(differs-from-CURE4)=3916 | cross-check vs depth-hit-flag: false_hit_dark(albedo-mask says nohit, depth says REAL HIT)=3 false_miss_albedo(depth says miss, albedo-mask missed it — should be 0)=0
[v9n] epoch 65/300 n2n_mse=0.003421 lr=0.000082 pool_yaws=[-11.9,-12.2,29.4] pool_ms=1708 hist_ms=5678 batch_ms=7367 nohit_px=64712/110592(58.51%) nohit_effective=65795 hitgate=true gated_px=64712 (1258.5s)
[v9n] MONITOR epoch 65: val sparkle 108.5/Mpx resid 0.0350 highlight_ratio 0.765 score=2.713 | mirror sparkle 0.0/Mpx resid 0.0365 highlight_ratio 0.914 (tgt sp<16 resid<0.035) score_streak=18/20(LOG-ONLY) resid_streak=0/20(ABORT)
[v9n] FIRST BATCH mask check (epoch 66, pi=3 s=1): nohit_px(albedo)=3160/9216 nohit_effective(differs-from-CURE4)=3818 | cross-check vs depth-hit-flag: false_hit_dark(albedo-mask says nohit, depth says REAL HIT)=1 false_miss_albedo(depth says miss, albedo-mask missed it — should be 0)=0
[v9n] epoch 66/300 n2n_mse=0.030012 lr=0.000082 pool_yaws=[-8.5,27.2,1.8] pool_ms=1681 hist_ms=5457 batch_ms=8773 nohit_px=10712/110592(9.69%) nohit_effective=12972 hitgate=true gated_px=10712 (1277.0s)
[v9n] MONITOR epoch 66: val sparkle 108.5/Mpx resid 0.0350 highlight_ratio 0.765 score=2.713 | mirror sparkle 0.0/Mpx resid 0.0363 highlight_ratio 0.914 (tgt sp<16 resid<0.035) score_streak=19/20(LOG-ONLY) resid_streak=0/20(ABORT)
[v9n] FIRST BATCH mask check (epoch 67, pi=1 s=0): nohit_px(albedo)=0/9216 nohit_effective(differs-from-CURE4)=0 | cross-check vs depth-hit-flag: false_hit_dark(albedo-mask says nohit, depth says REAL HIT)=0 false_miss_albedo(depth says miss, albedo-mask missed it — should be 0)=0
[v9n] NOTE: this single first batch had zero no-hit pixels (crop landed entirely on geometry) — not aborting, waiting for the first EPOCH's aggregate count below.
[v9n] epoch 67/300 n2n_mse=0.017945 lr=0.000082 pool_yaws=[20.9,10.1,-25.9] pool_ms=1358 hist_ms=5159 batch_ms=8677 nohit_px=11166/110592(10.10%) nohit_effective=13854 hitgate=true gated_px=11166 (1294.9s)
[v9n] MONITOR epoch 67: val sparkle 108.5/Mpx resid 0.0350 highlight_ratio 0.765 score=2.713 | mirror sparkle 0.0/Mpx resid 0.0361 highlight_ratio 0.914 (tgt sp<16 resid<0.035) score_streak=20/20(LOG-ONLY) resid_streak=0/20(ABORT)
[v9n] FIRST BATCH mask check (epoch 68, pi=0 s=1): nohit_px(albedo)=8320/9216 nohit_effective(differs-from-CURE4)=8518 | cross-check vs depth-hit-flag: false_hit_dark(albedo-mask says nohit, depth says REAL HIT)=0 false_miss_albedo(depth says miss, albedo-mask missed it — should be 0)=0
[v9n] epoch 68/300 n2n_mse=0.004771 lr=0.000082 pool_yaws=[-9.8,2.8,-24.4] pool_ms=1204 hist_ms=5159 batch_ms=7029 nohit_px=62024/110592(56.08%) nohit_effective=63746 hitgate=true gated_px=62024 (1310.8s)
[v9n] MONITOR epoch 68: val sparkle 108.5/Mpx resid 0.0349 highlight_ratio 0.766 score=2.713 | mirror sparkle 0.0/Mpx resid 0.0360 highlight_ratio 0.914 (tgt sp<16 resid<0.035) score_streak=21/20(LOG-ONLY) resid_streak=0/20(ABORT)
[v9n] FIRST BATCH mask check (epoch 69, pi=3 s=0): nohit_px(albedo)=3138/9216 nohit_effective(differs-from-CURE4)=3568 | cross-check vs depth-hit-flag: false_hit_dark(albedo-mask says nohit, depth says REAL HIT)=3 false_miss_albedo(depth says miss, albedo-mask missed it — should be 0)=0
[v9n] epoch 69/300 n2n_mse=0.003457 lr=0.000081 pool_yaws=[-13.5,15.1,-22.7] pool_ms=1333 hist_ms=5158 batch_ms=8645 nohit_px=9416/110592(8.51%) nohit_effective=10821 hitgate=true gated_px=9416 (1328.6s)
[v9n] MONITOR epoch 69: val sparkle 108.5/Mpx resid 0.0349 highlight_ratio 0.766 score=2.713 | mirror sparkle 0.0/Mpx resid 0.0358 highlight_ratio 0.914 (tgt sp<16 resid<0.035) score_streak=22/20(LOG-ONLY) resid_streak=0/20(ABORT)
[v9n] FIRST BATCH mask check (epoch 70, pi=1 s=2): nohit_px(albedo)=7848/9216 nohit_effective(differs-from-CURE4)=7722 | cross-check vs depth-hit-flag: false_hit_dark(albedo-mask says nohit, depth says REAL HIT)=0 false_miss_albedo(depth says miss, albedo-mask missed it — should be 0)=0
[v9n] epoch 70/300 n2n_mse=0.043149 lr=0.000081 pool_yaws=[11.2,-26.7,29.4] pool_ms=1303 hist_ms=5187 batch_ms=7884 nohit_px=36745/110592(33.23%) nohit_effective=39793 hitgate=true gated_px=36745 (1345.6s)
[v9n] MONITOR epoch 70: val sparkle 108.5/Mpx resid 0.0349 highlight_ratio 0.767 score=2.713 | mirror sparkle 0.0/Mpx resid 0.0356 highlight_ratio 0.914 (tgt sp<16 resid<0.035) score_streak=23/20(LOG-ONLY) resid_streak=0/20(ABORT)
[v9n] FIRST BATCH mask check (epoch 71, pi=0 s=0): nohit_px(albedo)=0/9216 nohit_effective(differs-from-CURE4)=0 | cross-check vs depth-hit-flag: false_hit_dark(albedo-mask says nohit, depth says REAL HIT)=0 false_miss_albedo(depth says miss, albedo-mask missed it — should be 0)=0
[v9n] NOTE: this single first batch had zero no-hit pixels (crop landed entirely on geometry) — not aborting, waiting for the first EPOCH's aggregate count below.
[v9n] epoch 71/300 n2n_mse=0.004433 lr=0.000081 pool_yaws=[-17.3,-1.0,17.1] pool_ms=1335 hist_ms=5223 batch_ms=8785 nohit_px=9416/110592(8.51%) nohit_effective=11631 hitgate=true gated_px=9416 (1363.5s)
[v9n] MONITOR epoch 71: val sparkle 108.5/Mpx resid 0.0349 highlight_ratio 0.767 score=2.713 | mirror sparkle 0.0/Mpx resid 0.0354 highlight_ratio 0.915 (tgt sp<16 resid<0.035) score_streak=24/20(LOG-ONLY) resid_streak=0/20(ABORT)
[v9n] FIRST BATCH mask check (epoch 72, pi=2 s=1): nohit_px(albedo)=0/9216 nohit_effective(differs-from-CURE4)=0 | cross-check vs depth-hit-flag: false_hit_dark(albedo-mask says nohit, depth says REAL HIT)=0 false_miss_albedo(depth says miss, albedo-mask missed it — should be 0)=0
[v9n] NOTE: this single first batch had zero no-hit pixels (crop landed entirely on geometry) — not aborting, waiting for the first EPOCH's aggregate count below.
[v9n] epoch 72/300 n2n_mse=0.004877 lr=0.000081 pool_yaws=[-12.2,18.6,29.3] pool_ms=1473 hist_ms=5385 batch_ms=8228 nohit_px=31160/110592(28.18%) nohit_effective=33979 hitgate=true gated_px=31160 (1381.2s)
[v9n] MONITOR epoch 72: val sparkle 108.5/Mpx resid 0.0349 highlight_ratio 0.767 score=2.713 | mirror sparkle 0.0/Mpx resid 0.0352 highlight_ratio 0.915 (tgt sp<16 resid<0.035) score_streak=25/20(LOG-ONLY) resid_streak=0/20(ABORT)
[v9n] FIRST BATCH mask check (epoch 73, pi=3 s=0): nohit_px(albedo)=3138/9216 nohit_effective(differs-from-CURE4)=3802 | cross-check vs depth-hit-flag: false_hit_dark(albedo-mask says nohit, depth says REAL HIT)=3 false_miss_albedo(depth says miss, albedo-mask missed it — should be 0)=0
[v9n] epoch 73/300 n2n_mse=0.004098 lr=0.000080 pool_yaws=[-10.5,2.7,6.6] pool_ms=1364 hist_ms=5173 batch_ms=7946 nohit_px=36202/110592(32.73%) nohit_effective=38258 hitgate=true gated_px=36202 (1398.3s)
[v9n] MONITOR epoch 73: val sparkle 108.5/Mpx resid 0.0349 highlight_ratio 0.768 score=2.713 | mirror sparkle 0.0/Mpx resid 0.0350 highlight_ratio 0.915 (tgt sp<16 resid<0.035) score_streak=26/20(LOG-ONLY) resid_streak=0/20(ABORT)
[v9n] FIRST BATCH mask check (epoch 74, pi=1 s=0): nohit_px(albedo)=9216/9216 nohit_effective(differs-from-CURE4)=9078 | cross-check vs depth-hit-flag: false_hit_dark(albedo-mask says nohit, depth says REAL HIT)=0 false_miss_albedo(depth says miss, albedo-mask missed it — should be 0)=0
[v9n] epoch 74/300 n2n_mse=0.017120 lr=0.000080 pool_yaws=[-6.8,-0.9,7.1] pool_ms=1255 hist_ms=5313 batch_ms=8114 nohit_px=37064/110592(33.51%) nohit_effective=38386 hitgate=true gated_px=37064 (1415.5s)
[v9n] MONITOR epoch 74: val sparkle 108.5/Mpx resid 0.0348 highlight_ratio 0.768 score=2.713 | mirror sparkle 0.0/Mpx resid 0.0349 highlight_ratio 0.915 (tgt sp<16 resid<0.035) score_streak=27/20(LOG-ONLY) resid_streak=0/20(ABORT)
[v9n] PROBE epoch 74: bar-res(640x480) sparkle 6.5/Mpx resid 0.0474 highlight_ratio 0.789 (tgt sp<16 resid<0.035) took 46.7s
[v9n] FIRST BATCH mask check (epoch 75, pi=0 s=0): nohit_px(albedo)=403/9216 nohit_effective(differs-from-CURE4)=706 | cross-check vs depth-hit-flag: false_hit_dark(albedo-mask says nohit, depth says REAL HIT)=32 false_miss_albedo(depth says miss, albedo-mask missed it — should be 0)=0
[v9n] epoch 75/300 n2n_mse=0.006775 lr=0.000080 pool_yaws=[-23.4,-18.4,4.8] pool_ms=1425 hist_ms=5448 batch_ms=8157 nohit_px=37906/110592(34.28%) nohit_effective=40119 hitgate=true gated_px=37906 (1479.9s)
[v9n] MONITOR epoch 75: val sparkle 108.5/Mpx resid 0.0348 highlight_ratio 0.769 score=2.713 | mirror sparkle 0.0/Mpx resid 0.0347 highlight_ratio 0.915 (tgt sp<16 resid<0.035) score_streak=28/20(LOG-ONLY) resid_streak=0/20(ABORT)
[v9n] FIRST BATCH mask check (epoch 76, pi=2 s=1): nohit_px(albedo)=0/9216 nohit_effective(differs-from-CURE4)=0 | cross-check vs depth-hit-flag: false_hit_dark(albedo-mask says nohit, depth says REAL HIT)=0 false_miss_albedo(depth says miss, albedo-mask missed it — should be 0)=0
[v9n] NOTE: this single first batch had zero no-hit pixels (crop landed entirely on geometry) — not aborting, waiting for the first EPOCH's aggregate count below.
[v9n] epoch 76/300 n2n_mse=0.020597 lr=0.000080 pool_yaws=[-21.6,12.7,13.0] pool_ms=1451 hist_ms=5451 batch_ms=8581 nohit_px=33171/110592(29.99%) nohit_effective=36037 hitgate=true gated_px=33171 (1498.1s)
[v9n] MONITOR epoch 76: val sparkle 108.5/Mpx resid 0.0348 highlight_ratio 0.769 score=2.713 | mirror sparkle 0.0/Mpx resid 0.0345 highlight_ratio 0.915 (tgt sp<16 resid<0.035) score_streak=29/20(LOG-ONLY) resid_streak=0/20(ABORT)
[v9n] FIRST BATCH mask check (epoch 77, pi=2 s=1): nohit_px(albedo)=0/9216 nohit_effective(differs-from-CURE4)=0 | cross-check vs depth-hit-flag: false_hit_dark(albedo-mask says nohit, depth says REAL HIT)=0 false_miss_albedo(depth says miss, albedo-mask missed it — should be 0)=0
[v9n] NOTE: this single first batch had zero no-hit pixels (crop landed entirely on geometry) — not aborting, waiting for the first EPOCH's aggregate count below.
[v9n] epoch 77/300 n2n_mse=0.010363 lr=0.000080 pool_yaws=[-23.1,-21.6,21.5] pool_ms=1569 hist_ms=5261 batch_ms=7825 nohit_px=42768/110592(38.67%) nohit_effective=44227 hitgate=true gated_px=42768 (1515.4s)
[v9n] MONITOR epoch 77: val sparkle 108.5/Mpx resid 0.0348 highlight_ratio 0.769 score=2.713 | mirror sparkle 0.0/Mpx resid 0.0343 highlight_ratio 0.915 (tgt sp<16 resid<0.035) score_streak=30/20(LOG-ONLY) resid_streak=0/20(ABORT)
[v9n] FIRST BATCH mask check (epoch 78, pi=3 s=0): nohit_px(albedo)=3138/9216 nohit_effective(differs-from-CURE4)=3797 | cross-check vs depth-hit-flag: false_hit_dark(albedo-mask says nohit, depth says REAL HIT)=3 false_miss_albedo(depth says miss, albedo-mask missed it — should be 0)=0
[v9n] epoch 78/300 n2n_mse=0.007106 lr=0.000079 pool_yaws=[5.2,1.3,-0.5] pool_ms=1615 hist_ms=5277 batch_ms=7807 nohit_px=48039/110592(43.44%) nohit_effective=52022 hitgate=true gated_px=48039 (1532.8s)
[v9n] MONITOR epoch 78: val sparkle 108.5/Mpx resid 0.0348 highlight_ratio 0.770 score=2.713 | mirror sparkle 0.0/Mpx resid 0.0342 highlight_ratio 0.915 (tgt sp<16 resid<0.035) score_streak=31/20(LOG-ONLY) resid_streak=0/20(ABORT)
[v9n] FIRST BATCH mask check (epoch 79, pi=1 s=0): nohit_px(albedo)=6344/9216 nohit_effective(differs-from-CURE4)=6548 | cross-check vs depth-hit-flag: false_hit_dark(albedo-mask says nohit, depth says REAL HIT)=42 false_miss_albedo(depth says miss, albedo-mask missed it — should be 0)=0
[v9n] epoch 79/300 n2n_mse=0.007466 lr=0.000079 pool_yaws=[-10.5,-8.6,29.4] pool_ms=1462 hist_ms=5256 batch_ms=7824 nohit_px=50490/110592(45.65%) nohit_effective=53750 hitgate=true gated_px=50490 (1549.9s)
[v9n] MONITOR epoch 79: val sparkle 108.5/Mpx resid 0.0348 highlight_ratio 0.770 score=2.713 | mirror sparkle 0.0/Mpx resid 0.0340 highlight_ratio 0.915 (tgt sp<16 resid<0.035) score_streak=32/20(LOG-ONLY) resid_streak=0/20(ABORT)
[v9n] FIRST BATCH mask check (epoch 80, pi=0 s=2): nohit_px(albedo)=0/9216 nohit_effective(differs-from-CURE4)=0 | cross-check vs depth-hit-flag: false_hit_dark(albedo-mask says nohit, depth says REAL HIT)=0 false_miss_albedo(depth says miss, albedo-mask missed it — should be 0)=0
[v9n] NOTE: this single first batch had zero no-hit pixels (crop landed entirely on geometry) — not aborting, waiting for the first EPOCH's aggregate count below.
[v9n] epoch 80/300 n2n_mse=0.003130 lr=0.000079 pool_yaws=[-12.2,-13.6,19.0] pool_ms=1446 hist_ms=5207 batch_ms=8985 nohit_px=9416/110592(8.51%) nohit_effective=11424 hitgate=true gated_px=9416 (1568.2s)
[v9n] MONITOR epoch 80: val sparkle 108.5/Mpx resid 0.0348 highlight_ratio 0.771 score=2.713 | mirror sparkle 0.0/Mpx resid 0.0338 highlight_ratio 0.915 (tgt sp<16 resid<0.035) score_streak=33/20(LOG-ONLY) resid_streak=0/20(ABORT)
[v9n] FIRST BATCH mask check (epoch 81, pi=3 s=2): nohit_px(albedo)=3118/9216 nohit_effective(differs-from-CURE4)=3769 | cross-check vs depth-hit-flag: false_hit_dark(albedo-mask says nohit, depth says REAL HIT)=3 false_miss_albedo(depth says miss, albedo-mask missed it — should be 0)=0
[v9n] epoch 81/300 n2n_mse=0.047732 lr=0.000079 pool_yaws=[10.6,1.0,27.6] pool_ms=1277 hist_ms=5241 batch_ms=7759 nohit_px=52472/110592(47.45%) nohit_effective=54145 hitgate=true gated_px=52472 (1585.1s)
[v9n] MONITOR epoch 81: val sparkle 108.5/Mpx resid 0.0347 highlight_ratio 0.771 score=2.713 | mirror sparkle 0.0/Mpx resid 0.0337 highlight_ratio 0.915 (tgt sp<16 resid<0.035) score_streak=34/20(LOG-ONLY) resid_streak=0/20(ABORT)
[v9n] FIRST BATCH mask check (epoch 82, pi=3 s=2): nohit_px(albedo)=3118/9216 nohit_effective(differs-from-CURE4)=4041 | cross-check vs depth-hit-flag: false_hit_dark(albedo-mask says nohit, depth says REAL HIT)=3 false_miss_albedo(depth says miss, albedo-mask missed it — should be 0)=0
[v9n] epoch 82/300 n2n_mse=0.021952 lr=0.000079 pool_yaws=[-7.9,-4.0,13.5] pool_ms=1548 hist_ms=5245 batch_ms=8805 nohit_px=9416/110592(8.51%) nohit_effective=11544 hitgate=true gated_px=9416 (1603.3s)
[v9n] MONITOR epoch 82: val sparkle 108.5/Mpx resid 0.0347 highlight_ratio 0.771 score=2.713 | mirror sparkle 0.0/Mpx resid 0.0335 highlight_ratio 0.915 (tgt sp<16 resid<0.035) score_streak=35/20(LOG-ONLY) resid_streak=0/20(ABORT)
[v9n] FIRST BATCH mask check (epoch 83, pi=1 s=1): nohit_px(albedo)=0/9216 nohit_effective(differs-from-CURE4)=0 | cross-check vs depth-hit-flag: false_hit_dark(albedo-mask says nohit, depth says REAL HIT)=0 false_miss_albedo(depth says miss, albedo-mask missed it — should be 0)=0
[v9n] NOTE: this single first batch had zero no-hit pixels (crop landed entirely on geometry) — not aborting, waiting for the first EPOCH's aggregate count below.
[v9n] epoch 83/300 n2n_mse=0.003796 lr=0.000078 pool_yaws=[-6.2,13.7,29.9] pool_ms=1383 hist_ms=5298 batch_ms=7905 nohit_px=37064/110592(33.51%) nohit_effective=38500 hitgate=true gated_px=37064 (1620.6s)
[v9n] MONITOR epoch 83: val sparkle 108.5/Mpx resid 0.0347 highlight_ratio 0.772 score=2.713 | mirror sparkle 0.0/Mpx resid 0.0333 highlight_ratio 0.915 (tgt sp<16 resid<0.035) score_streak=36/20(LOG-ONLY) resid_streak=0/20(ABORT)
[v9n] FIRST BATCH mask check (epoch 84, pi=2 s=2): nohit_px(albedo)=0/9216 nohit_effective(differs-from-CURE4)=0 | cross-check vs depth-hit-flag: false_hit_dark(albedo-mask says nohit, depth says REAL HIT)=0 false_miss_albedo(depth says miss, albedo-mask missed it — should be 0)=0
[v9n] NOTE: this single first batch had zero no-hit pixels (crop landed entirely on geometry) — not aborting, waiting for the first EPOCH's aggregate count below.
[v9n] epoch 84/300 n2n_mse=0.020537 lr=0.000078 pool_yaws=[-8.4,-14.9,-8.2] pool_ms=1565 hist_ms=5239 batch_ms=8950 nohit_px=9416/110592(8.51%) nohit_effective=11428 hitgate=true gated_px=9416 (1638.9s)
[v9n] MONITOR epoch 84: val sparkle 108.5/Mpx resid 0.0347 highlight_ratio 0.772 score=2.713 | mirror sparkle 0.0/Mpx resid 0.0332 highlight_ratio 0.915 (tgt sp<16 resid<0.035) score_streak=37/20(LOG-ONLY) resid_streak=0/20(ABORT)
[v9n] FIRST BATCH mask check (epoch 85, pi=0 s=0): nohit_px(albedo)=9216/9216 nohit_effective(differs-from-CURE4)=8958 | cross-check vs depth-hit-flag: false_hit_dark(albedo-mask says nohit, depth says REAL HIT)=0 false_miss_albedo(depth says miss, albedo-mask missed it — should be 0)=0
[v9n] epoch 85/300 n2n_mse=0.003013 lr=0.000078 pool_yaws=[-11.1,19.1,-1.4] pool_ms=1423 hist_ms=5244 batch_ms=7941 nohit_px=37064/110592(33.51%) nohit_effective=37208 hitgate=true gated_px=37064 (1656.2s)
[v9n] MONITOR epoch 85: val sparkle 108.5/Mpx resid 0.0347 highlight_ratio 0.772 score=2.713 | mirror sparkle 0.0/Mpx resid 0.0330 highlight_ratio 0.915 (tgt sp<16 resid<0.035) score_streak=38/20(LOG-ONLY) resid_streak=0/20(ABORT)
[v9n] FIRST BATCH mask check (epoch 86, pi=1 s=0): nohit_px(albedo)=9216/9216 nohit_effective(differs-from-CURE4)=9076 | cross-check vs depth-hit-flag: false_hit_dark(albedo-mask says nohit, depth says REAL HIT)=0 false_miss_albedo(depth says miss, albedo-mask missed it — should be 0)=0
[v9n] epoch 86/300 n2n_mse=0.003914 lr=0.000078 pool_yaws=[-5.0,26.2,15.4] pool_ms=1293 hist_ms=6179 batch_ms=10331 nohit_px=63235/110592(57.18%) nohit_effective=65617 hitgate=true gated_px=63235 (1676.6s)
[v9n] MONITOR epoch 86: val sparkle 108.5/Mpx resid 0.0347 highlight_ratio 0.773 score=2.713 | mirror sparkle 0.0/Mpx resid 0.0328 highlight_ratio 0.915 (tgt sp<16 resid<0.035) score_streak=39/20(LOG-ONLY) resid_streak=0/20(ABORT)
[v9n] FIRST BATCH mask check (epoch 87, pi=2 s=0): nohit_px(albedo)=0/9216 nohit_effective(differs-from-CURE4)=0 | cross-check vs depth-hit-flag: false_hit_dark(albedo-mask says nohit, depth says REAL HIT)=0 false_miss_albedo(depth says miss, albedo-mask missed it — should be 0)=0
[v9n] NOTE: this single first batch had zero no-hit pixels (crop landed entirely on geometry) — not aborting, waiting for the first EPOCH's aggregate count below.
[v9n] epoch 87/300 n2n_mse=0.003669 lr=0.000078 pool_yaws=[-29.2,-12.4,-9.8] pool_ms=1291 hist_ms=5198 batch_ms=7002 nohit_px=64316/110592(58.16%) nohit_effective=65931 hitgate=true gated_px=64316 (1692.7s)
[v9n] MONITOR epoch 87: val sparkle 108.5/Mpx resid 0.0347 highlight_ratio 0.773 score=2.713 | mirror sparkle 0.0/Mpx resid 0.0327 highlight_ratio 0.915 (tgt sp<16 resid<0.035) score_streak=40/20(LOG-ONLY) resid_streak=0/20(ABORT)
[v9n] FIRST BATCH mask check (epoch 88, pi=1 s=0): nohit_px(albedo)=0/9216 nohit_effective(differs-from-CURE4)=0 | cross-check vs depth-hit-flag: false_hit_dark(albedo-mask says nohit, depth says REAL HIT)=0 false_miss_albedo(depth says miss, albedo-mask missed it — should be 0)=0
[v9n] NOTE: this single first batch had zero no-hit pixels (crop landed entirely on geometry) — not aborting, waiting for the first EPOCH's aggregate count below.
[v9n] epoch 88/300 n2n_mse=0.007825 lr=0.000077 pool_yaws=[2.9,-8.7,-22.0] pool_ms=1513 hist_ms=5246 batch_ms=8850 nohit_px=10553/110592(9.54%) nohit_effective=12667 hitgate=true gated_px=10553 (1710.9s)
[v9n] MONITOR epoch 88: val sparkle 108.5/Mpx resid 0.0347 highlight_ratio 0.774 score=2.713 | mirror sparkle 0.0/Mpx resid 0.0325 highlight_ratio 0.916 (tgt sp<16 resid<0.035) score_streak=41/20(LOG-ONLY) resid_streak=0/20(ABORT)
[v9n] FIRST BATCH mask check (epoch 89, pi=2 s=0): nohit_px(albedo)=527/9216 nohit_effective(differs-from-CURE4)=670 | cross-check vs depth-hit-flag: false_hit_dark(albedo-mask says nohit, depth says REAL HIT)=50 false_miss_albedo(depth says miss, albedo-mask missed it — should be 0)=0
[v9n] epoch 89/300 n2n_mse=0.015035 lr=0.000077 pool_yaws=[10.7,29.8,-27.4] pool_ms=1495 hist_ms=5300 batch_ms=9079 nohit_px=11007/110592(9.95%) nohit_effective=13477 hitgate=true gated_px=11007 (1729.4s)
[v9n] MONITOR epoch 89: val sparkle 108.5/Mpx resid 0.0346 highlight_ratio 0.774 score=2.713 | mirror sparkle 0.0/Mpx resid 0.0324 highlight_ratio 0.916 (tgt sp<16 resid<0.035) score_streak=42/20(LOG-ONLY) resid_streak=0/20(ABORT)
[v9n] FIRST BATCH mask check (epoch 90, pi=3 s=0): nohit_px(albedo)=3138/9216 nohit_effective(differs-from-CURE4)=3929 | cross-check vs depth-hit-flag: false_hit_dark(albedo-mask says nohit, depth says REAL HIT)=3 false_miss_albedo(depth says miss, albedo-mask missed it — should be 0)=0
[v9n] epoch 90/300 n2n_mse=0.022240 lr=0.000077 pool_yaws=[25.4,14.6,2.1] pool_ms=1429 hist_ms=5385 batch_ms=9697 nohit_px=9416/110592(8.51%) nohit_effective=11568 hitgate=true gated_px=9416 (1748.6s)
[v9n] MONITOR epoch 90: val sparkle 108.5/Mpx resid 0.0346 highlight_ratio 0.774 score=2.713 | mirror sparkle 0.0/Mpx resid 0.0322 highlight_ratio 0.916 (tgt sp<16 resid<0.035) score_streak=43/20(LOG-ONLY) resid_streak=0/20(ABORT)
[v9n] FIRST BATCH mask check (epoch 91, pi=0 s=0): nohit_px(albedo)=879/9216 nohit_effective(differs-from-CURE4)=1276 | cross-check vs depth-hit-flag: false_hit_dark(albedo-mask says nohit, depth says REAL HIT)=0 false_miss_albedo(depth says miss, albedo-mask missed it — should be 0)=0
[v9n] epoch 91/300 n2n_mse=0.009369 lr=0.000077 pool_yaws=[-23.5,-19.6,25.0] pool_ms=1432 hist_ms=5431 batch_ms=8613 nohit_px=25166/110592(22.76%) nohit_effective=29022 hitgate=true gated_px=25166 (1766.7s)
[v9n] MONITOR epoch 91: val sparkle 108.5/Mpx resid 0.0346 highlight_ratio 0.775 score=2.713 | mirror sparkle 0.0/Mpx resid 0.0321 highlight_ratio 0.916 (tgt sp<16 resid<0.035) score_streak=44/20(LOG-ONLY) resid_streak=0/20(ABORT)
[v9n] FIRST BATCH mask check (epoch 92, pi=3 s=0): nohit_px(albedo)=3138/9216 nohit_effective(differs-from-CURE4)=3859 | cross-check vs depth-hit-flag: false_hit_dark(albedo-mask says nohit, depth says REAL HIT)=3 false_miss_albedo(depth says miss, albedo-mask missed it — should be 0)=0
[v9n] epoch 92/300 n2n_mse=0.007149 lr=0.000077 pool_yaws=[-17.5,9.7,-11.5] pool_ms=1523 hist_ms=5508 batch_ms=8928 nohit_px=24856/110592(22.48%) nohit_effective=28247 hitgate=true gated_px=24856 (1785.5s)
[v9n] MONITOR epoch 92: val sparkle 108.5/Mpx resid 0.0346 highlight_ratio 0.775 score=2.713 | mirror sparkle 0.0/Mpx resid 0.0319 highlight_ratio 0.916 (tgt sp<16 resid<0.035) score_streak=45/20(LOG-ONLY) resid_streak=0/20(ABORT)
[v9n] FIRST BATCH mask check (epoch 93, pi=2 s=2): nohit_px(albedo)=0/9216 nohit_effective(differs-from-CURE4)=0 | cross-check vs depth-hit-flag: false_hit_dark(albedo-mask says nohit, depth says REAL HIT)=0 false_miss_albedo(depth says miss, albedo-mask missed it — should be 0)=0
[v9n] NOTE: this single first batch had zero no-hit pixels (crop landed entirely on geometry) — not aborting, waiting for the first EPOCH's aggregate count below.
[v9n] epoch 93/300 n2n_mse=0.030725 lr=0.000076 pool_yaws=[-24.4,-3.7,2.2] pool_ms=1538 hist_ms=5494 batch_ms=8857 nohit_px=26705/110592(24.15%) nohit_effective=26218 hitgate=true gated_px=26705 (1804.1s)
[v9n] MONITOR epoch 93: val sparkle 108.5/Mpx resid 0.0346 highlight_ratio 0.776 score=2.713 | mirror sparkle 108.5/Mpx resid 0.0318 highlight_ratio 0.916 (tgt sp<16 resid<0.035) score_streak=46/20(LOG-ONLY) resid_streak=0/20(ABORT)
[v9n] FIRST BATCH mask check (epoch 94, pi=0 s=0): nohit_px(albedo)=8174/9216 nohit_effective(differs-from-CURE4)=8404 | cross-check vs depth-hit-flag: false_hit_dark(albedo-mask says nohit, depth says REAL HIT)=0 false_miss_albedo(depth says miss, albedo-mask missed it — should be 0)=0
[v9n] epoch 94/300 n2n_mse=0.004455 lr=0.000076 pool_yaws=[3.2,-4.4,-26.2] pool_ms=1478 hist_ms=5461 batch_ms=7637 nohit_px=61623/110592(55.72%) nohit_effective=58465 hitgate=true gated_px=61623 (1821.4s)
[v9n] MONITOR epoch 94: val sparkle 108.5/Mpx resid 0.0346 highlight_ratio 0.776 score=2.713 | mirror sparkle 108.5/Mpx resid 0.0316 highlight_ratio 0.916 (tgt sp<16 resid<0.035) score_streak=47/20(LOG-ONLY) resid_streak=0/20(ABORT)
[v9n] FIRST BATCH mask check (epoch 95, pi=2 s=2): nohit_px(albedo)=553/9216 nohit_effective(differs-from-CURE4)=540 | cross-check vs depth-hit-flag: false_hit_dark(albedo-mask says nohit, depth says REAL HIT)=330 false_miss_albedo(depth says miss, albedo-mask missed it — should be 0)=0
[v9n] epoch 95/300 n2n_mse=0.033883 lr=0.000076 pool_yaws=[6.9,-26.7,-29.6] pool_ms=1371 hist_ms=5378 batch_ms=7381 nohit_px=63478/110592(57.40%) nohit_effective=64454 hitgate=true gated_px=63478 (1838.3s)
[v9n] MONITOR epoch 95: val sparkle 108.5/Mpx resid 0.0346 highlight_ratio 0.776 score=2.713 | mirror sparkle 108.5/Mpx resid 0.0315 highlight_ratio 0.916 (tgt sp<16 resid<0.035) score_streak=48/20(LOG-ONLY) resid_streak=0/20(ABORT)
[v9n] FIRST BATCH mask check (epoch 96, pi=0 s=1): nohit_px(albedo)=8928/9216 nohit_effective(differs-from-CURE4)=8257 | cross-check vs depth-hit-flag: false_hit_dark(albedo-mask says nohit, depth says REAL HIT)=0 false_miss_albedo(depth says miss, albedo-mask missed it — should be 0)=0
[v9n] epoch 96/300 n2n_mse=0.005877 lr=0.000076 pool_yaws=[15.4,25.1,16.7] pool_ms=1232 hist_ms=5338 batch_ms=9374 nohit_px=91112/110592(82.39%) nohit_effective=86991 hitgate=true gated_px=91112 (1856.9s)
[v9n] MONITOR epoch 96: val sparkle 108.5/Mpx resid 0.0346 highlight_ratio 0.777 score=2.713 | mirror sparkle 108.5/Mpx resid 0.0313 highlight_ratio 0.916 (tgt sp<16 resid<0.035) score_streak=49/20(LOG-ONLY) resid_streak=0/20(ABORT)
[v9n] FIRST BATCH mask check (epoch 97, pi=3 s=2): nohit_px(albedo)=3118/9216 nohit_effective(differs-from-CURE4)=3736 | cross-check vs depth-hit-flag: false_hit_dark(albedo-mask says nohit, depth says REAL HIT)=3 false_miss_albedo(depth says miss, albedo-mask missed it — should be 0)=0
[v9n] epoch 97/300 n2n_mse=0.024428 lr=0.000076 pool_yaws=[-18.4,10.3,-2.3] pool_ms=1520 hist_ms=5409 batch_ms=8710 nohit_px=29274/110592(26.47%) nohit_effective=35847 hitgate=true gated_px=29274 (1877.0s)
[v9n] MONITOR epoch 97: val sparkle 108.5/Mpx resid 0.0346 highlight_ratio 0.777 score=2.713 | mirror sparkle 108.5/Mpx resid 0.0312 highlight_ratio 0.916 (tgt sp<16 resid<0.035) score_streak=50/20(LOG-ONLY) resid_streak=0/20(ABORT)
[v9n] FIRST BATCH mask check (epoch 98, pi=0 s=0): nohit_px(albedo)=0/9216 nohit_effective(differs-from-CURE4)=0 | cross-check vs depth-hit-flag: false_hit_dark(albedo-mask says nohit, depth says REAL HIT)=0 false_miss_albedo(depth says miss, albedo-mask missed it — should be 0)=0
[v9n] NOTE: this single first batch had zero no-hit pixels (crop landed entirely on geometry) — not aborting, waiting for the first EPOCH's aggregate count below.
[v9n] epoch 98/300 n2n_mse=0.008226 lr=0.000075 pool_yaws=[4.6,-24.5,-17.8] pool_ms=1549 hist_ms=5474 batch_ms=9060 nohit_px=13010/110592(11.76%) nohit_effective=17200 hitgate=true gated_px=13010 (1895.8s)
[v9n] MONITOR epoch 98: val sparkle 108.5/Mpx resid 0.0345 highlight_ratio 0.777 score=2.713 | mirror sparkle 217.0/Mpx resid 0.0310 highlight_ratio 0.916 (tgt sp<16 resid<0.035) score_streak=51/20(LOG-ONLY) resid_streak=0/20(ABORT)
[v9n] FIRST BATCH mask check (epoch 99, pi=3 s=1): nohit_px(albedo)=3160/9216 nohit_effective(differs-from-CURE4)=3659 | cross-check vs depth-hit-flag: false_hit_dark(albedo-mask says nohit, depth says REAL HIT)=1 false_miss_albedo(depth says miss, albedo-mask missed it — should be 0)=0
[v9n] epoch 99/300 n2n_mse=0.003984 lr=0.000075 pool_yaws=[-22.8,23.9,-0.3] pool_ms=1430 hist_ms=5447 batch_ms=8468 nohit_px=36213/110592(32.74%) nohit_effective=35211 hitgate=true gated_px=36213 (1913.9s)
[v9n] MONITOR epoch 99: val sparkle 108.5/Mpx resid 0.0345 highlight_ratio 0.778 score=2.713 | mirror sparkle 217.0/Mpx resid 0.0309 highlight_ratio 0.916 (tgt sp<16 resid<0.035) score_streak=52/20(LOG-ONLY) resid_streak=0/20(ABORT)
[v9n] PROBE epoch 99: bar-res(640x480) sparkle 13.0/Mpx resid 0.0435 highlight_ratio 0.808 (tgt sp<16 resid<0.035) took 47.3s
[v9n] FIRST BATCH mask check (epoch 100, pi=0 s=1): nohit_px(albedo)=4049/9216 nohit_effective(differs-from-CURE4)=3681 | cross-check vs depth-hit-flag: false_hit_dark(albedo-mask says nohit, depth says REAL HIT)=0 false_miss_albedo(depth says miss, albedo-mask missed it — should be 0)=0
[v9n] epoch 100/300 n2n_mse=0.005785 lr=0.000075 pool_yaws=[-24.5,1.2,28.1] pool_ms=1472 hist_ms=5481 batch_ms=8034 nohit_px=48189/110592(43.57%) nohit_effective=40268 hitgate=true gated_px=48189 (1978.9s)
[v9n] MONITOR epoch 100: val sparkle 108.5/Mpx resid 0.0345 highlight_ratio 0.778 score=2.713 | mirror sparkle 217.0/Mpx resid 0.0308 highlight_ratio 0.916 (tgt sp<16 resid<0.035) score_streak=53/20(LOG-ONLY) resid_streak=0/20(ABORT)
[v9n] FIRST BATCH mask check (epoch 101, pi=2 s=0): nohit_px(albedo)=0/9216 nohit_effective(differs-from-CURE4)=0 | cross-check vs depth-hit-flag: false_hit_dark(albedo-mask says nohit, depth says REAL HIT)=0 false_miss_albedo(depth says miss, albedo-mask missed it — should be 0)=0
[v9n] NOTE: this single first batch had zero no-hit pixels (crop landed entirely on geometry) — not aborting, waiting for the first EPOCH's aggregate count below.
[v9n] epoch 101/300 n2n_mse=0.023014 lr=0.000075 pool_yaws=[-8.9,-4.5,-12.6] pool_ms=1627 hist_ms=5534 batch_ms=9101 nohit_px=18527/110592(16.75%) nohit_effective=20197 hitgate=true gated_px=18527 (1997.9s)
[v9n] MONITOR epoch 101: val sparkle 108.5/Mpx resid 0.0345 highlight_ratio 0.778 score=2.713 | mirror sparkle 217.0/Mpx resid 0.0306 highlight_ratio 0.916 (tgt sp<16 resid<0.035) score_streak=54/20(LOG-ONLY) resid_streak=0/20(ABORT)
[v9n] FIRST BATCH mask check (epoch 102, pi=3 s=0): nohit_px(albedo)=3138/9216 nohit_effective(differs-from-CURE4)=3378 | cross-check vs depth-hit-flag: false_hit_dark(albedo-mask says nohit, depth says REAL HIT)=3 false_miss_albedo(depth says miss, albedo-mask missed it — should be 0)=0
[v9n] epoch 102/300 n2n_mse=0.006664 lr=0.000075 pool_yaws=[-23.2,-6.8,8.0] pool_ms=1352 hist_ms=5726 batch_ms=7932 nohit_px=54306/110592(49.10%) nohit_effective=54123 hitgate=true gated_px=54306 (2015.7s)
[v9n] MONITOR epoch 102: val sparkle 108.5/Mpx resid 0.0345 highlight_ratio 0.779 score=2.713 | mirror sparkle 217.0/Mpx resid 0.0305 highlight_ratio 0.916 (tgt sp<16 resid<0.035) score_streak=55/20(LOG-ONLY) resid_streak=0/20(ABORT)
[v9n] FIRST BATCH mask check (epoch 103, pi=0 s=2): nohit_px(albedo)=0/9216 nohit_effective(differs-from-CURE4)=0 | cross-check vs depth-hit-flag: false_hit_dark(albedo-mask says nohit, depth says REAL HIT)=0 false_miss_albedo(depth says miss, albedo-mask missed it — should be 0)=0
[v9n] NOTE: this single first batch had zero no-hit pixels (crop landed entirely on geometry) — not aborting, waiting for the first EPOCH's aggregate count below.
[v9n] epoch 103/300 n2n_mse=0.004874 lr=0.000074 pool_yaws=[4.1,17.9,21.6] pool_ms=1561 hist_ms=5278 batch_ms=7739 nohit_px=37064/110592(33.51%) nohit_effective=37602 hitgate=true gated_px=37064 (2033.1s)
[v9n] MONITOR epoch 103: val sparkle 108.5/Mpx resid 0.0345 highlight_ratio 0.779 score=2.713 | mirror sparkle 217.0/Mpx resid 0.0303 highlight_ratio 0.917 (tgt sp<16 resid<0.035) score_streak=56/20(LOG-ONLY) resid_streak=0/20(ABORT)
[v9n] FIRST BATCH mask check (epoch 104, pi=3 s=1): nohit_px(albedo)=3160/9216 nohit_effective(differs-from-CURE4)=3724 | cross-check vs depth-hit-flag: false_hit_dark(albedo-mask says nohit, depth says REAL HIT)=1 false_miss_albedo(depth says miss, albedo-mask missed it — should be 0)=0
[v9n] epoch 104/300 n2n_mse=0.006592 lr=0.000074 pool_yaws=[-17.3,4.7,-14.7] pool_ms=1398 hist_ms=5189 batch_ms=9081 nohit_px=9416/110592(8.51%) nohit_effective=11124 hitgate=true gated_px=9416 (2051.3s)
[v9n] MONITOR epoch 104: val sparkle 108.5/Mpx resid 0.0345 highlight_ratio 0.780 score=2.713 | mirror sparkle 217.0/Mpx resid 0.0302 highlight_ratio 0.917 (tgt sp<16 resid<0.035) score_streak=57/20(LOG-ONLY) resid_streak=0/20(ABORT)
[v9n] FIRST BATCH mask check (epoch 105, pi=3 s=0): nohit_px(albedo)=3138/9216 nohit_effective(differs-from-CURE4)=3877 | cross-check vs depth-hit-flag: false_hit_dark(albedo-mask says nohit, depth says REAL HIT)=3 false_miss_albedo(depth says miss, albedo-mask missed it — should be 0)=0
[v9n] epoch 105/300 n2n_mse=0.003406 lr=0.000074 pool_yaws=[-10.6,28.4,-7.2] pool_ms=1428 hist_ms=5218 batch_ms=8938 nohit_px=9416/110592(8.51%) nohit_effective=11357 hitgate=true gated_px=9416 (2069.5s)
[v9n] MONITOR epoch 105: val sparkle 217.0/Mpx resid 0.0344 highlight_ratio 0.780 score=5.425 | mirror sparkle 217.0/Mpx resid 0.0301 highlight_ratio 0.917 (tgt sp<16 resid<0.035) score_streak=58/20(LOG-ONLY) resid_streak=0/20(ABORT)
[v9n] FIRST BATCH mask check (epoch 106, pi=1 s=1): nohit_px(albedo)=0/9216 nohit_effective(differs-from-CURE4)=0 | cross-check vs depth-hit-flag: false_hit_dark(albedo-mask says nohit, depth says REAL HIT)=142 false_miss_albedo(depth says miss, albedo-mask missed it — should be 0)=0
[v9n] NOTE: this single first batch had zero no-hit pixels (crop landed entirely on geometry) — not aborting, waiting for the first EPOCH's aggregate count below.
[v9n] epoch 106/300 n2n_mse=0.047085 lr=0.000074 pool_yaws=[17.7,-0.4,19.8] pool_ms=1467 hist_ms=5281 batch_ms=8630 nohit_px=16976/110592(15.35%) nohit_effective=19436 hitgate=true gated_px=16976 (2087.6s)
[v9n] MONITOR epoch 106: val sparkle 217.0/Mpx resid 0.0344 highlight_ratio 0.780 score=5.425 | mirror sparkle 217.0/Mpx resid 0.0299 highlight_ratio 0.917 (tgt sp<16 resid<0.035) score_streak=59/20(LOG-ONLY) resid_streak=0/20(ABORT)
[v9n] FIRST BATCH mask check (epoch 107, pi=2 s=1): nohit_px(albedo)=0/9216 nohit_effective(differs-from-CURE4)=0 | cross-check vs depth-hit-flag: false_hit_dark(albedo-mask says nohit, depth says REAL HIT)=109 false_miss_albedo(depth says miss, albedo-mask missed it — should be 0)=0
[v9n] NOTE: this single first batch had zero no-hit pixels (crop landed entirely on geometry) — not aborting, waiting for the first EPOCH's aggregate count below.
[v9n] epoch 107/300 n2n_mse=0.092280 lr=0.000074 pool_yaws=[9.3,-0.8,25.8] pool_ms=1410 hist_ms=5260 batch_ms=8520 nohit_px=31021/110592(28.05%) nohit_effective=23916 hitgate=true gated_px=31021 (2105.4s)
[v9n] MONITOR epoch 107: val sparkle 217.0/Mpx resid 0.0344 highlight_ratio 0.781 score=5.425 | mirror sparkle 217.0/Mpx resid 0.0298 highlight_ratio 0.917 (tgt sp<16 resid<0.035) score_streak=60/20(LOG-ONLY) resid_streak=0/20(ABORT)
[v9n] FIRST BATCH mask check (epoch 108, pi=2 s=2): nohit_px(albedo)=0/9216 nohit_effective(differs-from-CURE4)=0 | cross-check vs depth-hit-flag: false_hit_dark(albedo-mask says nohit, depth says REAL HIT)=0 false_miss_albedo(depth says miss, albedo-mask missed it — should be 0)=0
[v9n] NOTE: this single first batch had zero no-hit pixels (crop landed entirely on geometry) — not aborting, waiting for the first EPOCH's aggregate count below.
[v9n] epoch 108/300 n2n_mse=0.005454 lr=0.000074 pool_yaws=[-12.5,-2.1,6.1] pool_ms=1394 hist_ms=5282 batch_ms=8291 nohit_px=35611/110592(32.20%) nohit_effective=12992 hitgate=true gated_px=35611 (2123.0s)
[v9n] MONITOR epoch 108: val sparkle 217.0/Mpx resid 0.0344 highlight_ratio 0.781 score=5.425 | mirror sparkle 217.0/Mpx resid 0.0297 highlight_ratio 0.917 (tgt sp<16 resid<0.035) score_streak=61/20(LOG-ONLY) resid_streak=0/20(ABORT)
[v9n] FIRST BATCH mask check (epoch 109, pi=2 s=0): nohit_px(albedo)=0/9216 nohit_effective(differs-from-CURE4)=0 | cross-check vs depth-hit-flag: false_hit_dark(albedo-mask says nohit, depth says REAL HIT)=0 false_miss_albedo(depth says miss, albedo-mask missed it — should be 0)=0
[v9n] NOTE: this single first batch had zero no-hit pixels (crop landed entirely on geometry) — not aborting, waiting for the first EPOCH's aggregate count below.
[v9n] epoch 109/300 n2n_mse=0.003979 lr=0.000073 pool_yaws=[19.3,11.8,16.6] pool_ms=1362 hist_ms=5274 batch_ms=8140 nohit_px=37064/110592(33.51%) nohit_effective=34506 hitgate=true gated_px=37064 (2140.4s)
[v9n] MONITOR epoch 109: val sparkle 217.0/Mpx resid 0.0344 highlight_ratio 0.781 score=5.425 | mirror sparkle 217.0/Mpx resid 0.0295 highlight_ratio 0.917 (tgt sp<16 resid<0.035) score_streak=62/20(LOG-ONLY) resid_streak=0/20(ABORT)
[v9n] FIRST BATCH mask check (epoch 110, pi=2 s=0): nohit_px(albedo)=0/9216 nohit_effective(differs-from-CURE4)=0 | cross-check vs depth-hit-flag: false_hit_dark(albedo-mask says nohit, depth says REAL HIT)=0 false_miss_albedo(depth says miss, albedo-mask missed it — should be 0)=0
[v9n] NOTE: this single first batch had zero no-hit pixels (crop landed entirely on geometry) — not aborting, waiting for the first EPOCH's aggregate count below.
[v9n] epoch 110/300 n2n_mse=0.003419 lr=0.000073 pool_yaws=[-11.1,-8.0,24.4] pool_ms=1313 hist_ms=5327 batch_ms=7982 nohit_px=37064/110592(33.51%) nohit_effective=38295 hitgate=true gated_px=37064 (2157.7s)
[v9n] MONITOR epoch 110: val sparkle 217.0/Mpx resid 0.0344 highlight_ratio 0.781 score=5.425 | mirror sparkle 217.0/Mpx resid 0.0294 highlight_ratio 0.917 (tgt sp<16 resid<0.035) score_streak=63/20(LOG-ONLY) resid_streak=0/20(ABORT)
[v9n] FIRST BATCH mask check (epoch 111, pi=2 s=1): nohit_px(albedo)=0/9216 nohit_effective(differs-from-CURE4)=0 | cross-check vs depth-hit-flag: false_hit_dark(albedo-mask says nohit, depth says REAL HIT)=0 false_miss_albedo(depth says miss, albedo-mask missed it — should be 0)=0
[v9n] NOTE: this single first batch had zero no-hit pixels (crop landed entirely on geometry) — not aborting, waiting for the first EPOCH's aggregate count below.
[v9n] epoch 111/300 n2n_mse=0.038219 lr=0.000073 pool_yaws=[-14.1,21.9,-6.3] pool_ms=1367 hist_ms=5304 batch_ms=7616 nohit_px=49330/110592(44.61%) nohit_effective=52348 hitgate=true gated_px=49330 (2174.6s)
[v9n] MONITOR epoch 111: val sparkle 217.0/Mpx resid 0.0343 highlight_ratio 0.782 score=5.425 | mirror sparkle 217.0/Mpx resid 0.0293 highlight_ratio 0.917 (tgt sp<16 resid<0.035) score_streak=64/20(LOG-ONLY) resid_streak=0/20(ABORT)
[v9n] FIRST BATCH mask check (epoch 112, pi=0 s=0): nohit_px(albedo)=0/9216 nohit_effective(differs-from-CURE4)=0 | cross-check vs depth-hit-flag: false_hit_dark(albedo-mask says nohit, depth says REAL HIT)=87 false_miss_albedo(depth says miss, albedo-mask missed it — should be 0)=0
[v9n] NOTE: this single first batch had zero no-hit pixels (crop landed entirely on geometry) — not aborting, waiting for the first EPOCH's aggregate count below.
[v9n] epoch 112/300 n2n_mse=0.011040 lr=0.000073 pool_yaws=[-5.4,-8.6,-14.6] pool_ms=1359 hist_ms=5205 batch_ms=7914 nohit_px=35762/110592(32.34%) nohit_effective=20371 hitgate=true gated_px=35762 (2191.7s)
[v9n] MONITOR epoch 112: val sparkle 217.0/Mpx resid 0.0343 highlight_ratio 0.782 score=5.425 | mirror sparkle 217.0/Mpx resid 0.0292 highlight_ratio 0.917 (tgt sp<16 resid<0.035) score_streak=65/20(LOG-ONLY) resid_streak=0/20(ABORT)
[v9n] FIRST BATCH mask check (epoch 113, pi=3 s=0): nohit_px(albedo)=3138/9216 nohit_effective(differs-from-CURE4)=3973 | cross-check vs depth-hit-flag: false_hit_dark(albedo-mask says nohit, depth says REAL HIT)=3 false_miss_albedo(depth says miss, albedo-mask missed it — should be 0)=0
[v9n] epoch 113/300 n2n_mse=0.015680 lr=0.000073 pool_yaws=[-25.2,-12.0,20.6] pool_ms=1406 hist_ms=5184 batch_ms=8350 nohit_px=26139/110592(23.64%) nohit_effective=31156 hitgate=true gated_px=26139 (2209.2s)
[v9n] MONITOR epoch 113: val sparkle 217.0/Mpx resid 0.0343 highlight_ratio 0.782 score=5.425 | mirror sparkle 217.0/Mpx resid 0.0291 highlight_ratio 0.917 (tgt sp<16 resid<0.035) score_streak=66/20(LOG-ONLY) resid_streak=0/20(ABORT)
[v9n] FIRST BATCH mask check (epoch 114, pi=0 s=0): nohit_px(albedo)=7757/9216 nohit_effective(differs-from-CURE4)=7577 | cross-check vs depth-hit-flag: false_hit_dark(albedo-mask says nohit, depth says REAL HIT)=0 false_miss_albedo(depth says miss, albedo-mask missed it — should be 0)=0
[v9n] epoch 114/300 n2n_mse=0.004771 lr=0.000072 pool_yaws=[5.0,-5.6,-0.6] pool_ms=1418 hist_ms=5246 batch_ms=8008 nohit_px=33039/110592(29.87%) nohit_effective=37130 hitgate=true gated_px=33039 (2226.5s)
[v9n] MONITOR epoch 114: val sparkle 217.0/Mpx resid 0.0343 highlight_ratio 0.783 score=5.425 | mirror sparkle 217.0/Mpx resid 0.0290 highlight_ratio 0.917 (tgt sp<16 resid<0.035) score_streak=67/20(LOG-ONLY) resid_streak=0/20(ABORT)
[v9n] FIRST BATCH mask check (epoch 115, pi=3 s=1): nohit_px(albedo)=3160/9216 nohit_effective(differs-from-CURE4)=4465 | cross-check vs depth-hit-flag: false_hit_dark(albedo-mask says nohit, depth says REAL HIT)=1 false_miss_albedo(depth says miss, albedo-mask missed it — should be 0)=0
[v9n] epoch 115/300 n2n_mse=0.034158 lr=0.000072 pool_yaws=[-7.5,-26.4,6.6] pool_ms=1301 hist_ms=5187 batch_ms=8403 nohit_px=15404/110592(13.93%) nohit_effective=19796 hitgate=true gated_px=15404 (2244.0s)
[v9n] MONITOR epoch 115: val sparkle 217.0/Mpx resid 0.0343 highlight_ratio 0.783 score=5.425 | mirror sparkle 217.0/Mpx resid 0.0289 highlight_ratio 0.917 (tgt sp<16 resid<0.035) score_streak=68/20(LOG-ONLY) resid_streak=0/20(ABORT)
[v9n] FIRST BATCH mask check (epoch 116, pi=1 s=0): nohit_px(albedo)=9216/9216 nohit_effective(differs-from-CURE4)=8385 | cross-check vs depth-hit-flag: false_hit_dark(albedo-mask says nohit, depth says REAL HIT)=0 false_miss_albedo(depth says miss, albedo-mask missed it — should be 0)=0
[v9n] epoch 116/300 n2n_mse=0.029682 lr=0.000072 pool_yaws=[29.5,23.0,-6.9] pool_ms=1304 hist_ms=5197 batch_ms=7884 nohit_px=37064/110592(33.51%) nohit_effective=27777 hitgate=true gated_px=37064 (2261.0s)
[v9n] MONITOR epoch 116: val sparkle 217.0/Mpx resid 0.0343 highlight_ratio 0.783 score=5.425 | mirror sparkle 217.0/Mpx resid 0.0287 highlight_ratio 0.917 (tgt sp<16 resid<0.035) score_streak=69/20(LOG-ONLY) resid_streak=0/20(ABORT)
[v9n] FIRST BATCH mask check (epoch 117, pi=2 s=0): nohit_px(albedo)=6098/9216 nohit_effective(differs-from-CURE4)=2218 | cross-check vs depth-hit-flag: false_hit_dark(albedo-mask says nohit, depth says REAL HIT)=14 false_miss_albedo(depth says miss, albedo-mask missed it — should be 0)=0
[v9n] epoch 117/300 n2n_mse=0.009781 lr=0.000072 pool_yaws=[-26.1,-22.1,8.0] pool_ms=1296 hist_ms=5203 batch_ms=7448 nohit_px=59152/110592(53.49%) nohit_effective=55498 hitgate=true gated_px=59152 (2277.5s)
[v9n] MONITOR epoch 117: val sparkle 217.0/Mpx resid 0.0343 highlight_ratio 0.784 score=5.425 | mirror sparkle 217.0/Mpx resid 0.0286 highlight_ratio 0.917 (tgt sp<16 resid<0.035) score_streak=70/20(LOG-ONLY) resid_streak=0/20(ABORT)
[v9n] FIRST BATCH mask check (epoch 118, pi=0 s=2): nohit_px(albedo)=0/9216 nohit_effective(differs-from-CURE4)=0 | cross-check vs depth-hit-flag: false_hit_dark(albedo-mask says nohit, depth says REAL HIT)=0 false_miss_albedo(depth says miss, albedo-mask missed it — should be 0)=0
[v9n] NOTE: this single first batch had zero no-hit pixels (crop landed entirely on geometry) — not aborting, waiting for the first EPOCH's aggregate count below.
[v9n] epoch 118/300 n2n_mse=0.003581 lr=0.000072 pool_yaws=[-9.0,23.5,-0.9] pool_ms=1374 hist_ms=5226 batch_ms=8766 nohit_px=9416/110592(8.51%) nohit_effective=11226 hitgate=true gated_px=9416 (2295.5s)
[v9n] MONITOR epoch 118: val sparkle 217.0/Mpx resid 0.0343 highlight_ratio 0.784 score=5.425 | mirror sparkle 217.0/Mpx resid 0.0285 highlight_ratio 0.917 (tgt sp<16 resid<0.035) score_streak=71/20(LOG-ONLY) resid_streak=0/20(ABORT)
[v9n] FIRST BATCH mask check (epoch 119, pi=1 s=0): nohit_px(albedo)=4792/9216 nohit_effective(differs-from-CURE4)=4638 | cross-check vs depth-hit-flag: false_hit_dark(albedo-mask says nohit, depth says REAL HIT)=37 false_miss_albedo(depth says miss, albedo-mask missed it — should be 0)=0
[v9n] epoch 119/300 n2n_mse=0.034837 lr=0.000072 pool_yaws=[-28.6,23.9,-8.6] pool_ms=1374 hist_ms=5194 batch_ms=7692 nohit_px=48700/110592(44.04%) nohit_effective=37585 hitgate=true gated_px=48700 (2312.4s)
[v9n] MONITOR epoch 119: val sparkle 217.0/Mpx resid 0.0343 highlight_ratio 0.784 score=5.425 | mirror sparkle 217.0/Mpx resid 0.0284 highlight_ratio 0.918 (tgt sp<16 resid<0.035) score_streak=72/20(LOG-ONLY) resid_streak=0/20(ABORT)
[v9n] FIRST BATCH mask check (epoch 120, pi=0 s=2): nohit_px(albedo)=7803/9216 nohit_effective(differs-from-CURE4)=3237 | cross-check vs depth-hit-flag: false_hit_dark(albedo-mask says nohit, depth says REAL HIT)=0 false_miss_albedo(depth says miss, albedo-mask missed it — should be 0)=0
[v9n] epoch 120/300 n2n_mse=0.006728 lr=0.000071 pool_yaws=[11.5,5.7,-28.0] pool_ms=1441 hist_ms=5178 batch_ms=8136 nohit_px=32839/110592(29.69%) nohit_effective=24965 hitgate=true gated_px=32839 (2329.7s)
[v9n] MONITOR epoch 120: val sparkle 217.0/Mpx resid 0.0342 highlight_ratio 0.784 score=5.425 | mirror sparkle 217.0/Mpx resid 0.0283 highlight_ratio 0.918 (tgt sp<16 resid<0.035) score_streak=73/20(LOG-ONLY) resid_streak=0/20(ABORT)
[v9n] FIRST BATCH mask check (epoch 121, pi=3 s=0): nohit_px(albedo)=3138/9216 nohit_effective(differs-from-CURE4)=4028 | cross-check vs depth-hit-flag: false_hit_dark(albedo-mask says nohit, depth says REAL HIT)=3 false_miss_albedo(depth says miss, albedo-mask missed it — should be 0)=0
[v9n] epoch 121/300 n2n_mse=0.010507 lr=0.000071 pool_yaws=[-10.0,21.4,-0.9] pool_ms=1324 hist_ms=5178 batch_ms=8033 nohit_px=38334/110592(34.66%) nohit_effective=27467 hitgate=true gated_px=38334 (2346.9s)
[v9n] MONITOR epoch 121: val sparkle 217.0/Mpx resid 0.0342 highlight_ratio 0.785 score=5.425 | mirror sparkle 217.0/Mpx resid 0.0282 highlight_ratio 0.918 (tgt sp<16 resid<0.035) score_streak=74/20(LOG-ONLY) resid_streak=0/20(ABORT)
[v9n] FIRST BATCH mask check (epoch 122, pi=2 s=1): nohit_px(albedo)=0/9216 nohit_effective(differs-from-CURE4)=0 | cross-check vs depth-hit-flag: false_hit_dark(albedo-mask says nohit, depth says REAL HIT)=0 false_miss_albedo(depth says miss, albedo-mask missed it — should be 0)=0
[v9n] NOTE: this single first batch had zero no-hit pixels (crop landed entirely on geometry) — not aborting, waiting for the first EPOCH's aggregate count below.
[v9n] epoch 122/300 n2n_mse=0.015691 lr=0.000071 pool_yaws=[-14.6,-5.2,2.7] pool_ms=1304 hist_ms=5184 batch_ms=7378 nohit_px=56264/110592(50.88%) nohit_effective=26602 hitgate=true gated_px=56264 (2363.3s)
[v9n] MONITOR epoch 122: val sparkle 217.0/Mpx resid 0.0342 highlight_ratio 0.785 score=5.425 | mirror sparkle 325.5/Mpx resid 0.0281 highlight_ratio 0.918 (tgt sp<16 resid<0.035) score_streak=75/20(LOG-ONLY) resid_streak=0/20(ABORT)
[v9n] FIRST BATCH mask check (epoch 123, pi=1 s=1): nohit_px(albedo)=0/9216 nohit_effective(differs-from-CURE4)=0 | cross-check vs depth-hit-flag: false_hit_dark(albedo-mask says nohit, depth says REAL HIT)=0 false_miss_albedo(depth says miss, albedo-mask missed it — should be 0)=0
[v9n] NOTE: this single first batch had zero no-hit pixels (crop landed entirely on geometry) — not aborting, waiting for the first EPOCH's aggregate count below.
[v9n] epoch 123/300 n2n_mse=0.003147 lr=0.000071 pool_yaws=[27.2,8.0,-29.5] pool_ms=1294 hist_ms=5190 batch_ms=7796 nohit_px=37064/110592(33.51%) nohit_effective=32716 hitgate=true gated_px=37064 (2380.2s)
[v9n] MONITOR epoch 123: val sparkle 217.0/Mpx resid 0.0342 highlight_ratio 0.785 score=5.425 | mirror sparkle 325.5/Mpx resid 0.0280 highlight_ratio 0.918 (tgt sp<16 resid<0.035) score_streak=76/20(LOG-ONLY) resid_streak=0/20(ABORT)
[v9n] FIRST BATCH mask check (epoch 124, pi=2 s=2): nohit_px(albedo)=0/9216 nohit_effective(differs-from-CURE4)=0 | cross-check vs depth-hit-flag: false_hit_dark(albedo-mask says nohit, depth says REAL HIT)=0 false_miss_albedo(depth says miss, albedo-mask missed it — should be 0)=0
[v9n] NOTE: this single first batch had zero no-hit pixels (crop landed entirely on geometry) — not aborting, waiting for the first EPOCH's aggregate count below.
[v9n] epoch 124/300 n2n_mse=0.006394 lr=0.000071 pool_yaws=[18.3,11.5,9.8] pool_ms=1402 hist_ms=5202 batch_ms=7730 nohit_px=46756/110592(42.28%) nohit_effective=58143 hitgate=true gated_px=46756 (2397.1s)
[v9n] MONITOR epoch 124: val sparkle 217.0/Mpx resid 0.0342 highlight_ratio 0.786 score=5.425 | mirror sparkle 325.5/Mpx resid 0.0280 highlight_ratio 0.918 (tgt sp<16 resid<0.035) score_streak=77/20(LOG-ONLY) resid_streak=0/20(ABORT)
[v9n] PROBE epoch 124: bar-res(640x480) sparkle 35.8/Mpx resid 0.0401 highlight_ratio 0.831 (tgt sp<16 resid<0.035) took 44.8s
[v9n] WATCHDOG ABORT: bar-res probe sparkle failed the bar at epoch 124 — stopping, keeping best+last (best score=1.016)
[v9n] training done in 2444.5s (best score=1.016)
[v9n] wrote /Users/pascaldisse/projects/magic-crystal-v9body/packages/scrying-glass/data/rdirect-weights-v9n.bin sha256=6b1c1dfea600a03875d6ac7b0facc554b7d1b7002e4a3f1adbfc8a92177c3f65
[v9n] wrote /Users/pascaldisse/projects/magic-crystal-v9body/packages/scrying-glass/data/rdirect-weights-v9n-last.bin sha256=0a9b8052efc5805c10b4ce4e1036b6c83889cd95b62892e7432b22c4b3e87b08
[v9n] wrote provenance. tag=v9n best=/Users/pascaldisse/projects/magic-crystal-v9body/packages/scrying-glass/data/rdirect-weights-v9n.bin last=/Users/pascaldisse/projects/magic-crystal-v9body/packages/scrying-glass/data/rdirect-weights-v9n-last.bin
