    Finished `release` profile [optimized] target(s) in 0.72s
     Running `/Users/pascaldisse/projects/magic-crystal-v9body/target/release/examples/rdirect_train_v9k`
[v9p] GAIA_V7_SKY_HISTORY reject=true — mandate expects true (set GAIA_V7_SKY_HISTORY=reject)
[v9p] res 128x72 K=3 steps, GAIA_V9_K=8 noise2noise draws (variance/8, teacher validator-only)
[v9p] WATCHDOG two-signal: score_streak=20 LOG-ONLY, resid_streak=20 ABORT, bar-res probe every 25 epochs at 640x480 (K=3 ref=64) ABORT on sparkle>=16
[v9p] CURE 4: overshoot_w=1 — above-ceiling gradient is 2*overshoot_w*(raw-cap)/n (pulls toward the ceiling), no longer zero (see module doc mechanism-hunt verdict)
[v9p] CURE 5: nohit_albedo_sq=0.00000001 — albedo~0/no-hit pixels bypass the clamp/ceiling entirely, ordinary 2*(raw-target)/n always active (autopsy grad-probe-fix section)
[v9p] CURE 5 PROMOTION (v9m): nohit_w=0 — no-hit class supervised at weight nohit_w against its honest n2n target (2*nohit_w*(raw-target)/n), nohit_w<=0.0 falls back to the OLD tiny-side-term/CURE5-off behavior (no-hit pixels run through ordinary CURE4 active/overshoot branches)
[v9p] V9N HIT-GATED BODY: GAIA_V9N_HITGATE=true — architectural cure, monad-specified: no-hit px (depth<=0) composed output := evidence EXACTLY (its own E+D composite, demod-log domain), backward grad to net_out is EXACT ZERO on those px (not a loss-side weight); CURE4/CURE5 branches above are dead for no-hit px when this is on. Default OFF = byte-identical to v9k/v9m (IRON LAW). Monitors (settle/run_monitor) and the bar-res probe evaluate the SAME composed output — see settle()/bar_res_probe.
[v9p] V9O DEGENERATE-DEMOD GATE (class detector): GAIA_V9O_DARK_ALB=0.0001 — identifies the dark-hit class (settle/bar_res_probe/train loop, all 3 sites, `is_dark_hit`) as no-hit OR (hit AND albedo luminance<=dark_alb); v9n forensics (scratch/v9n-barres-forensics.log/json, commit 13349d3d) measured the bar-res sparkle class = 11/11 HIT px with albedo EXACTLY 0.0 (demod divisor degenerates to 1.0 like sky) — the trainer's own false_hit_dark population. dark_alb<=0.0 disables the dark-hit class detection entirely (v9n byte-identical). v9o's OWN dark-branch behavior (evidence passthrough at these px) proved firefly-ridden (81.4@24) and is fully REPLACED by V9P below.
[v9p] V9P ROBUST FIREFLY CAP: GAIA_V9P_DARK_CAP_DELTA=0.1 — at dark-hit px (v9o's class, above) the net's own output is KEPT but capped at this px's 3x3 evidence-median (demod-log domain, `median3x3_dl`, all 3 sites: settle/bar_res_probe/train loop) + delta (default 0.10, deliberately BELOW `sparkle_resid_per_mpx`'s own 0.15 local-peak delta — a capped px cannot register as a sparkle peak); median is firefly-immune unlike v9o's raw evidence passthrough. Gradient: normal loss grad below cap, 2*overshoot_w*(raw-cap)/n pulling toward the cap above (CURE4-style one-sided PULL, never a one-sided zero — the v9-body autopsy's own CURE4 lesson). dark_cap_delta<=0.0 disables: dark-hit px fall through to the ordinary evidence ceiling exactly as v9n (byte-identical, IRON LAW parameter). Per-epoch dark_capped_px/dark_clamped counted (no-silent-cure law).
[v9p] POSE DIVERSITY POOL (v9c/v9e parity): orbit±30deg jitter±0.6 around 2 anchors (front-pivot family x2 draws/epoch, wide-anchor family x1 draw/epoch) + mirror unconditional (fixed) — fresh draws every epoch, CURE 3 winsorize_k=0 (OFF if 0)
[v9p] rendered mirror(train) + 2 VALIDATOR (orbit_-20, mirror — FIXED, held-out) pose sequences (128x72, teacher 64 VALIDATOR ONLY, pan_step=0.004, mirror_spp=4) in 1.8s
[v9p] V9K CROP TRAINING: pool draws (front-pivot x2, wide-anchor x1) now render 128x72 CROPS of a virtual 640x480 frame (asymmetric frustum, cost=128x72 not 640x480), pad_margin=0 sky_bias_prob=0 (0.0=uniform) — mirror/val stay full-frame, bar-res probe (below) stays the judge, unchanged
[v9p] UnetConfig widths=[24, 40, 64] n_scales=3 params≈163083
[v9p] MONITOR epoch -1 (fresh He-init): val sparkle 0.0/Mpx resid 0.0374 highlight_ratio 0.743 score=1.069 | mirror sparkle 0.0/Mpx resid 0.0523 highlight_ratio 0.912 (tgt sp<16 resid<0.035) *BEST->saved score_streak=0/20(LOG-ONLY) resid_streak=0/20(ABORT)
[v9p] FIRST BATCH mask check (epoch 0, pi=1 s=2): nohit_px(albedo)=0/9216 nohit_effective(differs-from-CURE4)=0 dark_alb_px(v9o degenerate-demod HIT px, dark_alb=0.0001)=0 dark_capped_px(v9p cap applied, delta=0.1)=0 dark_clamped(v9p cap actually fired)=0 | cross-check vs depth-hit-flag: false_hit_dark(albedo-mask says nohit, depth says REAL HIT)=0 false_miss_albedo(depth says miss, albedo-mask missed it — should be 0)=0
[v9p] NOTE: this single first batch had zero no-hit pixels (crop landed entirely on geometry) — not aborting, waiting for the first EPOCH's aggregate count below.
[v9p] epoch 0/300 n2n_mse=0.185833 lr=0.000100 pool_yaws=[-11.4,9.4,1.9] pool_ms=1419 hist_ms=5088 batch_ms=8296 nohit_px=16599/110592(15.01%) nohit_effective=24 hitgate=true gated_px=16599 dark_alb_px=1273 dark_capped_px=1273 dark_clamped=269 (14.8s)
[v9p] MONITOR epoch 0: val sparkle 0.0/Mpx resid 0.0374 highlight_ratio 0.743 score=1.068 | mirror sparkle 0.0/Mpx resid 0.0522 highlight_ratio 0.912 (tgt sp<16 resid<0.035) *BEST->saved score_streak=0/20(LOG-ONLY) resid_streak=0/20(ABORT)
[v9p] FIRST BATCH mask check (epoch 1, pi=3 s=2): nohit_px(albedo)=3118/9216 nohit_effective(differs-from-CURE4)=40 dark_alb_px(v9o degenerate-demod HIT px, dark_alb=0.0001)=3 dark_capped_px(v9p cap applied, delta=0.1)=3 dark_clamped(v9p cap actually fired)=0 | cross-check vs depth-hit-flag: false_hit_dark(albedo-mask says nohit, depth says REAL HIT)=3 false_miss_albedo(depth says miss, albedo-mask missed it — should be 0)=0
[v9p] epoch 1/300 n2n_mse=0.112194 lr=0.000100 pool_yaws=[19.7,16.9,-22.6] pool_ms=1294 hist_ms=5156 batch_ms=7508 nohit_px=37064/110592(33.51%) nohit_effective=473 hitgate=true gated_px=37064 dark_alb_px=1903 dark_capped_px=1903 dark_clamped=1171 (31.4s)
[v9p] MONITOR epoch 1: val sparkle 0.0/Mpx resid 0.0374 highlight_ratio 0.743 score=1.068 | mirror sparkle 0.0/Mpx resid 0.0521 highlight_ratio 0.912 (tgt sp<16 resid<0.035) *BEST->saved score_streak=0/20(LOG-ONLY) resid_streak=0/20(ABORT)
[v9p] FIRST BATCH mask check (epoch 2, pi=3 s=1): nohit_px(albedo)=3160/9216 nohit_effective(differs-from-CURE4)=483 dark_alb_px(v9o degenerate-demod HIT px, dark_alb=0.0001)=1 dark_capped_px(v9p cap applied, delta=0.1)=1 dark_clamped(v9p cap actually fired)=3 | cross-check vs depth-hit-flag: false_hit_dark(albedo-mask says nohit, depth says REAL HIT)=1 false_miss_albedo(depth says miss, albedo-mask missed it — should be 0)=0
[v9p] epoch 2/300 n2n_mse=0.022092 lr=0.000099 pool_yaws=[-2.5,27.6,-27.4] pool_ms=1319 hist_ms=5113 batch_ms=6475 nohit_px=76616/110592(69.28%) nohit_effective=4458 hitgate=true gated_px=76616 dark_alb_px=86 dark_capped_px=86 dark_clamped=122 (46.8s)
[v9p] MONITOR epoch 2: val sparkle 0.0/Mpx resid 0.0374 highlight_ratio 0.743 score=1.067 | mirror sparkle 0.0/Mpx resid 0.0519 highlight_ratio 0.912 (tgt sp<16 resid<0.035) *BEST->saved score_streak=0/20(LOG-ONLY) resid_streak=0/20(ABORT)
[v9p] FIRST BATCH mask check (epoch 3, pi=2 s=2): nohit_px(albedo)=0/9216 nohit_effective(differs-from-CURE4)=0 dark_alb_px(v9o degenerate-demod HIT px, dark_alb=0.0001)=0 dark_capped_px(v9p cap applied, delta=0.1)=0 dark_clamped(v9p cap actually fired)=0 | cross-check vs depth-hit-flag: false_hit_dark(albedo-mask says nohit, depth says REAL HIT)=0 false_miss_albedo(depth says miss, albedo-mask missed it — should be 0)=0
[v9p] NOTE: this single first batch had zero no-hit pixels (crop landed entirely on geometry) — not aborting, waiting for the first EPOCH's aggregate count below.
[v9p] epoch 3/300 n2n_mse=0.024675 lr=0.000099 pool_yaws=[4.3,-16.9,-8.8] pool_ms=1379 hist_ms=5174 batch_ms=8299 nohit_px=9416/110592(8.51%) nohit_effective=2014 hitgate=true gated_px=9416 dark_alb_px=132 dark_capped_px=132 dark_clamped=162 (64.3s)
[v9p] MONITOR epoch 3: val sparkle 0.0/Mpx resid 0.0373 highlight_ratio 0.743 score=1.067 | mirror sparkle 0.0/Mpx resid 0.0516 highlight_ratio 0.912 (tgt sp<16 resid<0.035) *BEST->saved score_streak=0/20(LOG-ONLY) resid_streak=0/20(ABORT)
[v9p] FIRST BATCH mask check (epoch 4, pi=3 s=1): nohit_px(albedo)=3160/9216 nohit_effective(differs-from-CURE4)=601 dark_alb_px(v9o degenerate-demod HIT px, dark_alb=0.0001)=1 dark_capped_px(v9p cap applied, delta=0.1)=1 dark_clamped(v9p cap actually fired)=3 | cross-check vs depth-hit-flag: false_hit_dark(albedo-mask says nohit, depth says REAL HIT)=1 false_miss_albedo(depth says miss, albedo-mask missed it — should be 0)=0
[v9p] epoch 4/300 n2n_mse=0.043681 lr=0.000099 pool_yaws=[-28.4,24.3,-21.1] pool_ms=1446 hist_ms=5279 batch_ms=7892 nohit_px=28577/110592(25.84%) nohit_effective=2961 hitgate=true gated_px=28577 dark_alb_px=739 dark_capped_px=739 dark_clamped=678 (81.5s)
[v9p] MONITOR epoch 4: val sparkle 0.0/Mpx resid 0.0373 highlight_ratio 0.744 score=1.066 | mirror sparkle 0.0/Mpx resid 0.0514 highlight_ratio 0.912 (tgt sp<16 resid<0.035) *BEST->saved score_streak=0/20(LOG-ONLY) resid_streak=0/20(ABORT)
[v9p] FIRST BATCH mask check (epoch 5, pi=2 s=1): nohit_px(albedo)=0/9216 nohit_effective(differs-from-CURE4)=0 dark_alb_px(v9o degenerate-demod HIT px, dark_alb=0.0001)=0 dark_capped_px(v9p cap applied, delta=0.1)=0 dark_clamped(v9p cap actually fired)=0 | cross-check vs depth-hit-flag: false_hit_dark(albedo-mask says nohit, depth says REAL HIT)=0 false_miss_albedo(depth says miss, albedo-mask missed it — should be 0)=0
[v9p] NOTE: this single first batch had zero no-hit pixels (crop landed entirely on geometry) — not aborting, waiting for the first EPOCH's aggregate count below.
[v9p] epoch 5/300 n2n_mse=0.046677 lr=0.000098 pool_yaws=[-1.0,13.5,9.7] pool_ms=1467 hist_ms=5270 batch_ms=8575 nohit_px=10914/110592(9.87%) nohit_effective=4055 hitgate=true gated_px=10914 dark_alb_px=614 dark_capped_px=614 dark_clamped=503 (99.5s)
[v9p] MONITOR epoch 5: val sparkle 0.0/Mpx resid 0.0373 highlight_ratio 0.744 score=1.065 | mirror sparkle 0.0/Mpx resid 0.0512 highlight_ratio 0.913 (tgt sp<16 resid<0.035) *BEST->saved score_streak=0/20(LOG-ONLY) resid_streak=0/20(ABORT)
[v9p] FIRST BATCH mask check (epoch 6, pi=0 s=2): nohit_px(albedo)=0/9216 nohit_effective(differs-from-CURE4)=0 dark_alb_px(v9o degenerate-demod HIT px, dark_alb=0.0001)=157 dark_capped_px(v9p cap applied, delta=0.1)=157 dark_clamped(v9p cap actually fired)=105 | cross-check vs depth-hit-flag: false_hit_dark(albedo-mask says nohit, depth says REAL HIT)=157 false_miss_albedo(depth says miss, albedo-mask missed it — should be 0)=0
[v9p] NOTE: this single first batch had zero no-hit pixels (crop landed entirely on geometry) — not aborting, waiting for the first EPOCH's aggregate count below.
[v9p] epoch 6/300 n2n_mse=0.044940 lr=0.000098 pool_yaws=[29.2,-7.3,13.3] pool_ms=1379 hist_ms=5364 batch_ms=7734 nohit_px=29000/110592(26.22%) nohit_effective=9383 hitgate=true gated_px=29000 dark_alb_px=614 dark_capped_px=614 dark_clamped=428 (116.6s)
[v9p] MONITOR epoch 6: val sparkle 0.0/Mpx resid 0.0373 highlight_ratio 0.744 score=1.065 | mirror sparkle 0.0/Mpx resid 0.0509 highlight_ratio 0.913 (tgt sp<16 resid<0.035) *BEST->saved score_streak=0/20(LOG-ONLY) resid_streak=0/20(ABORT)
[v9p] FIRST BATCH mask check (epoch 7, pi=0 s=2): nohit_px(albedo)=0/9216 nohit_effective(differs-from-CURE4)=0 dark_alb_px(v9o degenerate-demod HIT px, dark_alb=0.0001)=0 dark_capped_px(v9p cap applied, delta=0.1)=0 dark_clamped(v9p cap actually fired)=0 | cross-check vs depth-hit-flag: false_hit_dark(albedo-mask says nohit, depth says REAL HIT)=0 false_miss_albedo(depth says miss, albedo-mask missed it — should be 0)=0
[v9p] NOTE: this single first batch had zero no-hit pixels (crop landed entirely on geometry) — not aborting, waiting for the first EPOCH's aggregate count below.
[v9p] epoch 7/300 n2n_mse=0.010943 lr=0.000098 pool_yaws=[27.2,-16.6,16.3] pool_ms=1277 hist_ms=5135 batch_ms=7813 nohit_px=37064/110592(33.51%) nohit_effective=33687 hitgate=true gated_px=37064 dark_alb_px=7 dark_capped_px=7 dark_clamped=7 (133.4s)
[v9p] MONITOR epoch 7: val sparkle 0.0/Mpx resid 0.0372 highlight_ratio 0.744 score=1.064 | mirror sparkle 0.0/Mpx resid 0.0507 highlight_ratio 0.913 (tgt sp<16 resid<0.035) *BEST->saved score_streak=0/20(LOG-ONLY) resid_streak=0/20(ABORT)
[v9p] FIRST BATCH mask check (epoch 8, pi=0 s=0): nohit_px(albedo)=6457/9216 nohit_effective(differs-from-CURE4)=5895 dark_alb_px(v9o degenerate-demod HIT px, dark_alb=0.0001)=0 dark_capped_px(v9p cap applied, delta=0.1)=0 dark_clamped(v9p cap actually fired)=0 | cross-check vs depth-hit-flag: false_hit_dark(albedo-mask says nohit, depth says REAL HIT)=0 false_miss_albedo(depth says miss, albedo-mask missed it — should be 0)=0
[v9p] epoch 8/300 n2n_mse=0.016701 lr=0.000097 pool_yaws=[-25.4,-28.5,-17.7] pool_ms=1302 hist_ms=5159 batch_ms=7395 nohit_px=45512/110592(41.15%) nohit_effective=34960 hitgate=true gated_px=45512 dark_alb_px=83 dark_capped_px=83 dark_clamped=22 (149.8s)
[v9p] MONITOR epoch 8: val sparkle 0.0/Mpx resid 0.0372 highlight_ratio 0.745 score=1.063 | mirror sparkle 0.0/Mpx resid 0.0505 highlight_ratio 0.913 (tgt sp<16 resid<0.035) *BEST->saved score_streak=0/20(LOG-ONLY) resid_streak=0/20(ABORT)
[v9p] FIRST BATCH mask check (epoch 9, pi=2 s=0): nohit_px(albedo)=0/9216 nohit_effective(differs-from-CURE4)=0 dark_alb_px(v9o degenerate-demod HIT px, dark_alb=0.0001)=0 dark_capped_px(v9p cap applied, delta=0.1)=0 dark_clamped(v9p cap actually fired)=0 | cross-check vs depth-hit-flag: false_hit_dark(albedo-mask says nohit, depth says REAL HIT)=0 false_miss_albedo(depth says miss, albedo-mask missed it — should be 0)=0
[v9p] NOTE: this single first batch had zero no-hit pixels (crop landed entirely on geometry) — not aborting, waiting for the first EPOCH's aggregate count below.
[v9p] epoch 9/300 n2n_mse=0.012079 lr=0.000097 pool_yaws=[-23.2,10.3,-16.3] pool_ms=1324 hist_ms=5148 batch_ms=7488 nohit_px=37064/110592(33.51%) nohit_effective=6640 hitgate=true gated_px=37064 dark_alb_px=7 dark_capped_px=7 dark_clamped=1 (166.3s)
[v9p] MONITOR epoch 9: val sparkle 0.0/Mpx resid 0.0372 highlight_ratio 0.745 score=1.063 | mirror sparkle 0.0/Mpx resid 0.0502 highlight_ratio 0.913 (tgt sp<16 resid<0.035) *BEST->saved score_streak=0/20(LOG-ONLY) resid_streak=0/20(ABORT)
[v9p] FIRST BATCH mask check (epoch 10, pi=0 s=2): nohit_px(albedo)=0/9216 nohit_effective(differs-from-CURE4)=0 dark_alb_px(v9o degenerate-demod HIT px, dark_alb=0.0001)=0 dark_capped_px(v9p cap applied, delta=0.1)=0 dark_clamped(v9p cap actually fired)=0 | cross-check vs depth-hit-flag: false_hit_dark(albedo-mask says nohit, depth says REAL HIT)=0 false_miss_albedo(depth says miss, albedo-mask missed it — should be 0)=0
[v9p] NOTE: this single first batch had zero no-hit pixels (crop landed entirely on geometry) — not aborting, waiting for the first EPOCH's aggregate count below.
[v9p] epoch 10/300 n2n_mse=0.010881 lr=0.000097 pool_yaws=[11.3,-12.2,9.6] pool_ms=1495 hist_ms=5126 batch_ms=8191 nohit_px=9416/110592(8.51%) nohit_effective=9213 hitgate=true gated_px=9416 dark_alb_px=7 dark_capped_px=7 dark_clamped=1 (183.7s)
[v9p] MONITOR epoch 10: val sparkle 0.0/Mpx resid 0.0372 highlight_ratio 0.745 score=1.062 | mirror sparkle 0.0/Mpx resid 0.0500 highlight_ratio 0.913 (tgt sp<16 resid<0.035) *BEST->saved score_streak=0/20(LOG-ONLY) resid_streak=0/20(ABORT)
[v9p] FIRST BATCH mask check (epoch 11, pi=1 s=1): nohit_px(albedo)=0/9216 nohit_effective(differs-from-CURE4)=0 dark_alb_px(v9o degenerate-demod HIT px, dark_alb=0.0001)=0 dark_capped_px(v9p cap applied, delta=0.1)=0 dark_clamped(v9p cap actually fired)=0 | cross-check vs depth-hit-flag: false_hit_dark(albedo-mask says nohit, depth says REAL HIT)=0 false_miss_albedo(depth says miss, albedo-mask missed it — should be 0)=0
[v9p] NOTE: this single first batch had zero no-hit pixels (crop landed entirely on geometry) — not aborting, waiting for the first EPOCH's aggregate count below.
[v9p] epoch 11/300 n2n_mse=0.008725 lr=0.000096 pool_yaws=[-26.4,26.5,-13.6] pool_ms=1429 hist_ms=5143 batch_ms=8251 nohit_px=9416/110592(8.51%) nohit_effective=9201 hitgate=true gated_px=9416 dark_alb_px=7 dark_capped_px=7 dark_clamped=1 (201.1s)
[v9p] MONITOR epoch 11: val sparkle 0.0/Mpx resid 0.0371 highlight_ratio 0.745 score=1.061 | mirror sparkle 0.0/Mpx resid 0.0498 highlight_ratio 0.913 (tgt sp<16 resid<0.035) *BEST->saved score_streak=0/20(LOG-ONLY) resid_streak=0/20(ABORT)
[v9p] FIRST BATCH mask check (epoch 12, pi=3 s=0): nohit_px(albedo)=3138/9216 nohit_effective(differs-from-CURE4)=2916 dark_alb_px(v9o degenerate-demod HIT px, dark_alb=0.0001)=3 dark_capped_px(v9p cap applied, delta=0.1)=3 dark_clamped(v9p cap actually fired)=1 | cross-check vs depth-hit-flag: false_hit_dark(albedo-mask says nohit, depth says REAL HIT)=3 false_miss_albedo(depth says miss, albedo-mask missed it — should be 0)=0
[v9p] epoch 12/300 n2n_mse=0.011680 lr=0.000096 pool_yaws=[-8.8,-15.8,23.0] pool_ms=1360 hist_ms=5184 batch_ms=7765 nohit_px=43467/110592(39.30%) nohit_effective=40792 hitgate=true gated_px=43467 dark_alb_px=7 dark_capped_px=7 dark_clamped=1 (218.0s)
[v9p] MONITOR epoch 12: val sparkle 0.0/Mpx resid 0.0371 highlight_ratio 0.746 score=1.060 | mirror sparkle 0.0/Mpx resid 0.0495 highlight_ratio 0.913 (tgt sp<16 resid<0.035) *BEST->saved score_streak=0/20(LOG-ONLY) resid_streak=0/20(ABORT)
[v9p] FIRST BATCH mask check (epoch 13, pi=1 s=2): nohit_px(albedo)=0/9216 nohit_effective(differs-from-CURE4)=0 dark_alb_px(v9o degenerate-demod HIT px, dark_alb=0.0001)=0 dark_capped_px(v9p cap applied, delta=0.1)=0 dark_clamped(v9p cap actually fired)=0 | cross-check vs depth-hit-flag: false_hit_dark(albedo-mask says nohit, depth says REAL HIT)=0 false_miss_albedo(depth says miss, albedo-mask missed it — should be 0)=0
[v9p] NOTE: this single first batch had zero no-hit pixels (crop landed entirely on geometry) — not aborting, waiting for the first EPOCH's aggregate count below.
[v9p] epoch 13/300 n2n_mse=0.010461 lr=0.000096 pool_yaws=[22.4,-5.4,-21.0] pool_ms=1486 hist_ms=5172 batch_ms=8351 nohit_px=17120/110592(15.48%) nohit_effective=16824 hitgate=true gated_px=17120 dark_alb_px=7 dark_capped_px=7 dark_clamped=1 (235.7s)
[v9p] MONITOR epoch 13: val sparkle 0.0/Mpx resid 0.0371 highlight_ratio 0.746 score=1.059 | mirror sparkle 0.0/Mpx resid 0.0493 highlight_ratio 0.913 (tgt sp<16 resid<0.035) *BEST->saved score_streak=0/20(LOG-ONLY) resid_streak=0/20(ABORT)
[v9p] FIRST BATCH mask check (epoch 14, pi=1 s=0): nohit_px(albedo)=5632/9216 nohit_effective(differs-from-CURE4)=5863 dark_alb_px(v9o degenerate-demod HIT px, dark_alb=0.0001)=0 dark_capped_px(v9p cap applied, delta=0.1)=0 dark_clamped(v9p cap actually fired)=0 | cross-check vs depth-hit-flag: false_hit_dark(albedo-mask says nohit, depth says REAL HIT)=0 false_miss_albedo(depth says miss, albedo-mask missed it — should be 0)=0
[v9p] epoch 14/300 n2n_mse=0.010471 lr=0.000096 pool_yaws=[-20.5,-24.3,14.6] pool_ms=1506 hist_ms=5255 batch_ms=8104 nohit_px=26051/110592(23.56%) nohit_effective=26988 hitgate=true gated_px=26051 dark_alb_px=7 dark_capped_px=7 dark_clamped=1 (253.2s)
[v9p] MONITOR epoch 14: val sparkle 0.0/Mpx resid 0.0370 highlight_ratio 0.746 score=1.058 | mirror sparkle 0.0/Mpx resid 0.0490 highlight_ratio 0.913 (tgt sp<16 resid<0.035) *BEST->saved score_streak=0/20(LOG-ONLY) resid_streak=0/20(ABORT)
[v9p] FIRST BATCH mask check (epoch 15, pi=3 s=0): nohit_px(albedo)=3138/9216 nohit_effective(differs-from-CURE4)=3225 dark_alb_px(v9o degenerate-demod HIT px, dark_alb=0.0001)=3 dark_capped_px(v9p cap applied, delta=0.1)=3 dark_clamped(v9p cap actually fired)=1 | cross-check vs depth-hit-flag: false_hit_dark(albedo-mask says nohit, depth says REAL HIT)=3 false_miss_albedo(depth says miss, albedo-mask missed it — should be 0)=0
[v9p] epoch 15/300 n2n_mse=0.011263 lr=0.000095 pool_yaws=[-17.1,-17.3,-20.0] pool_ms=1443 hist_ms=5165 batch_ms=7832 nohit_px=35066/110592(31.71%) nohit_effective=34595 hitgate=true gated_px=35066 dark_alb_px=52 dark_capped_px=52 dark_clamped=21 (270.2s)
[v9p] MONITOR epoch 15: val sparkle 0.0/Mpx resid 0.0370 highlight_ratio 0.746 score=1.057 | mirror sparkle 0.0/Mpx resid 0.0488 highlight_ratio 0.913 (tgt sp<16 resid<0.035) *BEST->saved score_streak=0/20(LOG-ONLY) resid_streak=0/20(ABORT)
[v9p] FIRST BATCH mask check (epoch 16, pi=3 s=1): nohit_px(albedo)=3160/9216 nohit_effective(differs-from-CURE4)=3284 dark_alb_px(v9o degenerate-demod HIT px, dark_alb=0.0001)=1 dark_capped_px(v9p cap applied, delta=0.1)=1 dark_clamped(v9p cap actually fired)=0 | cross-check vs depth-hit-flag: false_hit_dark(albedo-mask says nohit, depth says REAL HIT)=1 false_miss_albedo(depth says miss, albedo-mask missed it — should be 0)=0
[v9p] epoch 16/300 n2n_mse=0.025977 lr=0.000095 pool_yaws=[2.4,-9.2,23.9] pool_ms=1329 hist_ms=5159 batch_ms=6868 nohit_px=64167/110592(58.02%) nohit_effective=62233 hitgate=true gated_px=64167 dark_alb_px=774 dark_capped_px=774 dark_clamped=886 (286.2s)
[v9p] MONITOR epoch 16: val sparkle 0.0/Mpx resid 0.0370 highlight_ratio 0.746 score=1.056 | mirror sparkle 0.0/Mpx resid 0.0485 highlight_ratio 0.913 (tgt sp<16 resid<0.035) *BEST->saved score_streak=0/20(LOG-ONLY) resid_streak=0/20(ABORT)
[v9p] FIRST BATCH mask check (epoch 17, pi=2 s=2): nohit_px(albedo)=0/9216 nohit_effective(differs-from-CURE4)=0 dark_alb_px(v9o degenerate-demod HIT px, dark_alb=0.0001)=0 dark_capped_px(v9p cap applied, delta=0.1)=0 dark_clamped(v9p cap actually fired)=0 | cross-check vs depth-hit-flag: false_hit_dark(albedo-mask says nohit, depth says REAL HIT)=0 false_miss_albedo(depth says miss, albedo-mask missed it — should be 0)=0
[v9p] NOTE: this single first batch had zero no-hit pixels (crop landed entirely on geometry) — not aborting, waiting for the first EPOCH's aggregate count below.
[v9p] epoch 17/300 n2n_mse=0.021163 lr=0.000095 pool_yaws=[-6.9,2.3,25.6] pool_ms=1502 hist_ms=5221 batch_ms=8504 nohit_px=11102/110592(10.04%) nohit_effective=12198 hitgate=true gated_px=11102 dark_alb_px=130 dark_capped_px=130 dark_clamped=41 (304.0s)
[v9p] MONITOR epoch 17: val sparkle 0.0/Mpx resid 0.0369 highlight_ratio 0.746 score=1.055 | mirror sparkle 0.0/Mpx resid 0.0482 highlight_ratio 0.913 (tgt sp<16 resid<0.035) *BEST->saved score_streak=0/20(LOG-ONLY) resid_streak=0/20(ABORT)
[v9p] FIRST BATCH mask check (epoch 18, pi=0 s=0): nohit_px(albedo)=9216/9216 nohit_effective(differs-from-CURE4)=8737 dark_alb_px(v9o degenerate-demod HIT px, dark_alb=0.0001)=0 dark_capped_px(v9p cap applied, delta=0.1)=0 dark_clamped(v9p cap actually fired)=0 | cross-check vs depth-hit-flag: false_hit_dark(albedo-mask says nohit, depth says REAL HIT)=0 false_miss_albedo(depth says miss, albedo-mask missed it — should be 0)=0
[v9p] epoch 18/300 n2n_mse=0.037352 lr=0.000094 pool_yaws=[-22.4,18.8,-2.8] pool_ms=1427 hist_ms=5147 batch_ms=7634 nohit_px=40166/110592(36.32%) nohit_effective=39807 hitgate=true gated_px=40166 dark_alb_px=624 dark_capped_px=624 dark_clamped=510 (320.8s)
[v9p] MONITOR epoch 18: val sparkle 0.0/Mpx resid 0.0369 highlight_ratio 0.747 score=1.053 | mirror sparkle 0.0/Mpx resid 0.0480 highlight_ratio 0.913 (tgt sp<16 resid<0.035) *BEST->saved score_streak=0/20(LOG-ONLY) resid_streak=0/20(ABORT)
[v9p] FIRST BATCH mask check (epoch 19, pi=0 s=2): nohit_px(albedo)=9216/9216 nohit_effective(differs-from-CURE4)=8742 dark_alb_px(v9o degenerate-demod HIT px, dark_alb=0.0001)=0 dark_capped_px(v9p cap applied, delta=0.1)=0 dark_clamped(v9p cap actually fired)=0 | cross-check vs depth-hit-flag: false_hit_dark(albedo-mask says nohit, depth says REAL HIT)=0 false_miss_albedo(depth says miss, albedo-mask missed it — should be 0)=0
[v9p] epoch 19/300 n2n_mse=0.023298 lr=0.000094 pool_yaws=[-19.2,-24.2,23.8] pool_ms=1371 hist_ms=5165 batch_ms=7692 nohit_px=37064/110592(33.51%) nohit_effective=36952 hitgate=true gated_px=37064 dark_alb_px=747 dark_capped_px=747 dark_clamped=935 (337.6s)
[v9p] MONITOR epoch 19: val sparkle 0.0/Mpx resid 0.0368 highlight_ratio 0.747 score=1.052 | mirror sparkle 0.0/Mpx resid 0.0477 highlight_ratio 0.913 (tgt sp<16 resid<0.035) *BEST->saved score_streak=0/20(LOG-ONLY) resid_streak=0/20(ABORT)
[v9p] FIRST BATCH mask check (epoch 20, pi=3 s=0): nohit_px(albedo)=3138/9216 nohit_effective(differs-from-CURE4)=3700 dark_alb_px(v9o degenerate-demod HIT px, dark_alb=0.0001)=3 dark_capped_px(v9p cap applied, delta=0.1)=3 dark_clamped(v9p cap actually fired)=0 | cross-check vs depth-hit-flag: false_hit_dark(albedo-mask says nohit, depth says REAL HIT)=3 false_miss_albedo(depth says miss, albedo-mask missed it — should be 0)=0
[v9p] epoch 20/300 n2n_mse=0.009218 lr=0.000094 pool_yaws=[-10.8,10.3,27.6] pool_ms=1380 hist_ms=5183 batch_ms=7558 nohit_px=47703/110592(43.13%) nohit_effective=47717 hitgate=true gated_px=47703 dark_alb_px=7 dark_capped_px=7 dark_clamped=0 (354.4s)
[v9p] MONITOR epoch 20: val sparkle 0.0/Mpx resid 0.0368 highlight_ratio 0.747 score=1.051 | mirror sparkle 0.0/Mpx resid 0.0475 highlight_ratio 0.913 (tgt sp<16 resid<0.035) *BEST->saved score_streak=0/20(LOG-ONLY) resid_streak=0/20(ABORT)
[v9p] FIRST BATCH mask check (epoch 21, pi=2 s=1): nohit_px(albedo)=1672/9216 nohit_effective(differs-from-CURE4)=1781 dark_alb_px(v9o degenerate-demod HIT px, dark_alb=0.0001)=394 dark_capped_px(v9p cap applied, delta=0.1)=394 dark_clamped(v9p cap actually fired)=300 | cross-check vs depth-hit-flag: false_hit_dark(albedo-mask says nohit, depth says REAL HIT)=394 false_miss_albedo(depth says miss, albedo-mask missed it — should be 0)=0
[v9p] epoch 21/300 n2n_mse=0.053373 lr=0.000093 pool_yaws=[15.6,8.3,20.9] pool_ms=1412 hist_ms=5163 batch_ms=8073 nohit_px=27176/110592(24.57%) nohit_effective=28814 hitgate=true gated_px=27176 dark_alb_px=1194 dark_capped_px=1194 dark_clamped=979 (371.7s)
[v9p] MONITOR epoch 21: val sparkle 0.0/Mpx resid 0.0367 highlight_ratio 0.747 score=1.050 | mirror sparkle 0.0/Mpx resid 0.0472 highlight_ratio 0.913 (tgt sp<16 resid<0.035) *BEST->saved score_streak=0/20(LOG-ONLY) resid_streak=0/20(ABORT)
[v9p] FIRST BATCH mask check (epoch 22, pi=1 s=0): nohit_px(albedo)=0/9216 nohit_effective(differs-from-CURE4)=0 dark_alb_px(v9o degenerate-demod HIT px, dark_alb=0.0001)=0 dark_capped_px(v9p cap applied, delta=0.1)=0 dark_clamped(v9p cap actually fired)=0 | cross-check vs depth-hit-flag: false_hit_dark(albedo-mask says nohit, depth says REAL HIT)=0 false_miss_albedo(depth says miss, albedo-mask missed it — should be 0)=0
[v9p] NOTE: this single first batch had zero no-hit pixels (crop landed entirely on geometry) — not aborting, waiting for the first EPOCH's aggregate count below.
[v9p] epoch 22/300 n2n_mse=0.006165 lr=0.000093 pool_yaws=[19.1,-13.1,10.0] pool_ms=1457 hist_ms=5153 batch_ms=8702 nohit_px=9416/110592(8.51%) nohit_effective=11168 hitgate=true gated_px=9416 dark_alb_px=7 dark_capped_px=7 dark_clamped=0 (389.6s)
[v9p] MONITOR epoch 22: val sparkle 0.0/Mpx resid 0.0367 highlight_ratio 0.747 score=1.049 | mirror sparkle 0.0/Mpx resid 0.0469 highlight_ratio 0.913 (tgt sp<16 resid<0.035) *BEST->saved score_streak=0/20(LOG-ONLY) resid_streak=0/20(ABORT)
[v9p] FIRST BATCH mask check (epoch 23, pi=1 s=0): nohit_px(albedo)=8684/9216 nohit_effective(differs-from-CURE4)=8517 dark_alb_px(v9o degenerate-demod HIT px, dark_alb=0.0001)=0 dark_capped_px(v9p cap applied, delta=0.1)=0 dark_clamped(v9p cap actually fired)=0 | cross-check vs depth-hit-flag: false_hit_dark(albedo-mask says nohit, depth says REAL HIT)=0 false_miss_albedo(depth says miss, albedo-mask missed it — should be 0)=0
[v9p] epoch 23/300 n2n_mse=0.006649 lr=0.000093 pool_yaws=[25.2,-13.6,22.1] pool_ms=1368 hist_ms=5292 batch_ms=7126 nohit_px=63538/110592(57.45%) nohit_effective=64054 hitgate=true gated_px=63538 dark_alb_px=7 dark_capped_px=7 dark_clamped=0 (406.0s)
[v9p] MONITOR epoch 23: val sparkle 0.0/Mpx resid 0.0367 highlight_ratio 0.747 score=1.047 | mirror sparkle 0.0/Mpx resid 0.0467 highlight_ratio 0.913 (tgt sp<16 resid<0.035) *BEST->saved score_streak=0/20(LOG-ONLY) resid_streak=0/20(ABORT)
[v9p] FIRST BATCH mask check (epoch 24, pi=2 s=2): nohit_px(albedo)=6656/9216 nohit_effective(differs-from-CURE4)=6992 dark_alb_px(v9o degenerate-demod HIT px, dark_alb=0.0001)=0 dark_capped_px(v9p cap applied, delta=0.1)=0 dark_clamped(v9p cap actually fired)=0 | cross-check vs depth-hit-flag: false_hit_dark(albedo-mask says nohit, depth says REAL HIT)=0 false_miss_albedo(depth says miss, albedo-mask missed it — should be 0)=0
[v9p] epoch 24/300 n2n_mse=0.005271 lr=0.000093 pool_yaws=[21.0,-21.0,6.1] pool_ms=1479 hist_ms=5880 batch_ms=7485 nohit_px=56981/110592(51.52%) nohit_effective=59127 hitgate=true gated_px=56981 dark_alb_px=7 dark_capped_px=7 dark_clamped=0 (423.5s)
[v9p] MONITOR epoch 24: val sparkle 0.0/Mpx resid 0.0366 highlight_ratio 0.748 score=1.046 | mirror sparkle 0.0/Mpx resid 0.0464 highlight_ratio 0.913 (tgt sp<16 resid<0.035) *BEST->saved score_streak=0/20(LOG-ONLY) resid_streak=0/20(ABORT)
[v9p] PROBE epoch 24: bar-res(640x480) sparkle 0.0/Mpx resid 0.0559 highlight_ratio 0.760 (tgt sp<16 resid<0.035) took 44.3s
[v9p] FIRST BATCH mask check (epoch 25, pi=2 s=0): nohit_px(albedo)=0/9216 nohit_effective(differs-from-CURE4)=0 dark_alb_px(v9o degenerate-demod HIT px, dark_alb=0.0001)=426 dark_capped_px(v9p cap applied, delta=0.1)=426 dark_clamped(v9p cap actually fired)=764 | cross-check vs depth-hit-flag: false_hit_dark(albedo-mask says nohit, depth says REAL HIT)=426 false_miss_albedo(depth says miss, albedo-mask missed it — should be 0)=0
[v9p] NOTE: this single first batch had zero no-hit pixels (crop landed entirely on geometry) — not aborting, waiting for the first EPOCH's aggregate count below.
[v9p] epoch 25/300 n2n_mse=0.055417 lr=0.000092 pool_yaws=[-28.6,-1.5,-10.3] pool_ms=1531 hist_ms=5066 batch_ms=7894 nohit_px=29838/110592(26.98%) nohit_effective=32632 hitgate=true gated_px=29838 dark_alb_px=1413 dark_capped_px=1413 dark_clamped=2083 (484.9s)
[v9p] MONITOR epoch 25: val sparkle 0.0/Mpx resid 0.0366 highlight_ratio 0.748 score=1.045 | mirror sparkle 0.0/Mpx resid 0.0461 highlight_ratio 0.913 (tgt sp<16 resid<0.035) *BEST->saved score_streak=0/20(LOG-ONLY) resid_streak=0/20(ABORT)
[v9p] FIRST BATCH mask check (epoch 26, pi=1 s=1): nohit_px(albedo)=0/9216 nohit_effective(differs-from-CURE4)=0 dark_alb_px(v9o degenerate-demod HIT px, dark_alb=0.0001)=233 dark_capped_px(v9p cap applied, delta=0.1)=233 dark_clamped(v9p cap actually fired)=223 | cross-check vs depth-hit-flag: false_hit_dark(albedo-mask says nohit, depth says REAL HIT)=233 false_miss_albedo(depth says miss, albedo-mask missed it — should be 0)=0
[v9p] NOTE: this single first batch had zero no-hit pixels (crop landed entirely on geometry) — not aborting, waiting for the first EPOCH's aggregate count below.
[v9p] epoch 26/300 n2n_mse=0.035039 lr=0.000092 pool_yaws=[15.8,-7.0,-25.1] pool_ms=1421 hist_ms=5117 batch_ms=8554 nohit_px=9416/110592(8.51%) nohit_effective=10597 hitgate=true gated_px=9416 dark_alb_px=703 dark_capped_px=703 dark_clamped=492 (502.5s)
[v9p] MONITOR epoch 26: val sparkle 0.0/Mpx resid 0.0365 highlight_ratio 0.748 score=1.044 | mirror sparkle 0.0/Mpx resid 0.0459 highlight_ratio 0.913 (tgt sp<16 resid<0.035) *BEST->saved score_streak=0/20(LOG-ONLY) resid_streak=0/20(ABORT)
[v9p] FIRST BATCH mask check (epoch 27, pi=0 s=2): nohit_px(albedo)=0/9216 nohit_effective(differs-from-CURE4)=0 dark_alb_px(v9o degenerate-demod HIT px, dark_alb=0.0001)=0 dark_capped_px(v9p cap applied, delta=0.1)=0 dark_clamped(v9p cap actually fired)=0 | cross-check vs depth-hit-flag: false_hit_dark(albedo-mask says nohit, depth says REAL HIT)=0 false_miss_albedo(depth says miss, albedo-mask missed it — should be 0)=0
[v9p] NOTE: this single first batch had zero no-hit pixels (crop landed entirely on geometry) — not aborting, waiting for the first EPOCH's aggregate count below.
[v9p] epoch 27/300 n2n_mse=0.006558 lr=0.000092 pool_yaws=[11.1,29.3,16.2] pool_ms=1291 hist_ms=5140 batch_ms=7146 nohit_px=56115/110592(50.74%) nohit_effective=57627 hitgate=true gated_px=56115 dark_alb_px=7 dark_capped_px=7 dark_clamped=0 (518.7s)
[v9p] MONITOR epoch 27: val sparkle 0.0/Mpx resid 0.0365 highlight_ratio 0.748 score=1.042 | mirror sparkle 0.0/Mpx resid 0.0456 highlight_ratio 0.913 (tgt sp<16 resid<0.035) *BEST->saved score_streak=0/20(LOG-ONLY) resid_streak=0/20(ABORT)
[v9p] FIRST BATCH mask check (epoch 28, pi=1 s=2): nohit_px(albedo)=9216/9216 nohit_effective(differs-from-CURE4)=9008 dark_alb_px(v9o degenerate-demod HIT px, dark_alb=0.0001)=0 dark_capped_px(v9p cap applied, delta=0.1)=0 dark_clamped(v9p cap actually fired)=0 | cross-check vs depth-hit-flag: false_hit_dark(albedo-mask says nohit, depth says REAL HIT)=0 false_miss_albedo(depth says miss, albedo-mask missed it — should be 0)=0
[v9p] epoch 28/300 n2n_mse=0.007468 lr=0.000091 pool_yaws=[-14.0,29.1,-20.0] pool_ms=1268 hist_ms=5141 batch_ms=7244 nohit_px=51442/110592(46.52%) nohit_effective=52094 hitgate=true gated_px=51442 dark_alb_px=141 dark_capped_px=141 dark_clamped=119 (534.9s)
[v9p] MONITOR epoch 28: val sparkle 0.0/Mpx resid 0.0364 highlight_ratio 0.749 score=1.041 | mirror sparkle 0.0/Mpx resid 0.0453 highlight_ratio 0.913 (tgt sp<16 resid<0.035) *BEST->saved score_streak=0/20(LOG-ONLY) resid_streak=0/20(ABORT)
[v9p] FIRST BATCH mask check (epoch 29, pi=2 s=0): nohit_px(albedo)=0/9216 nohit_effective(differs-from-CURE4)=0 dark_alb_px(v9o degenerate-demod HIT px, dark_alb=0.0001)=0 dark_capped_px(v9p cap applied, delta=0.1)=0 dark_clamped(v9p cap actually fired)=0 | cross-check vs depth-hit-flag: false_hit_dark(albedo-mask says nohit, depth says REAL HIT)=0 false_miss_albedo(depth says miss, albedo-mask missed it — should be 0)=0
[v9p] NOTE: this single first batch had zero no-hit pixels (crop landed entirely on geometry) — not aborting, waiting for the first EPOCH's aggregate count below.
[v9p] epoch 29/300 n2n_mse=0.004279 lr=0.000091 pool_yaws=[6.6,3.0,-7.3] pool_ms=1247 hist_ms=5154 batch_ms=6836 nohit_px=64010/110592(57.88%) nohit_effective=64594 hitgate=true gated_px=64010 dark_alb_px=7 dark_capped_px=7 dark_clamped=0 (550.7s)
[v9p] MONITOR epoch 29: val sparkle 0.0/Mpx resid 0.0364 highlight_ratio 0.749 score=1.040 | mirror sparkle 0.0/Mpx resid 0.0451 highlight_ratio 0.913 (tgt sp<16 resid<0.035) *BEST->saved score_streak=0/20(LOG-ONLY) resid_streak=0/20(ABORT)
[v9p] FIRST BATCH mask check (epoch 30, pi=0 s=0): nohit_px(albedo)=2387/9216 nohit_effective(differs-from-CURE4)=2646 dark_alb_px(v9o degenerate-demod HIT px, dark_alb=0.0001)=41 dark_capped_px(v9p cap applied, delta=0.1)=41 dark_clamped(v9p cap actually fired)=32 | cross-check vs depth-hit-flag: false_hit_dark(albedo-mask says nohit, depth says REAL HIT)=41 false_miss_albedo(depth says miss, albedo-mask missed it — should be 0)=0
[v9p] epoch 30/300 n2n_mse=0.022199 lr=0.000091 pool_yaws=[-23.1,18.7,-8.8] pool_ms=1405 hist_ms=5158 batch_ms=8390 nohit_px=16849/110592(15.24%) nohit_effective=19317 hitgate=true gated_px=16849 dark_alb_px=125 dark_capped_px=125 dark_clamped=61 (568.3s)
[v9p] MONITOR epoch 30: val sparkle 0.0/Mpx resid 0.0363 highlight_ratio 0.749 score=1.038 | mirror sparkle 0.0/Mpx resid 0.0448 highlight_ratio 0.913 (tgt sp<16 resid<0.035) *BEST->saved score_streak=0/20(LOG-ONLY) resid_streak=0/20(ABORT)
[v9p] FIRST BATCH mask check (epoch 31, pi=0 s=1): nohit_px(albedo)=654/9216 nohit_effective(differs-from-CURE4)=740 dark_alb_px(v9o degenerate-demod HIT px, dark_alb=0.0001)=19 dark_capped_px(v9p cap applied, delta=0.1)=19 dark_clamped(v9p cap actually fired)=30 | cross-check vs depth-hit-flag: false_hit_dark(albedo-mask says nohit, depth says REAL HIT)=19 false_miss_albedo(depth says miss, albedo-mask missed it — should be 0)=0
[v9p] epoch 31/300 n2n_mse=0.010510 lr=0.000091 pool_yaws=[-25.3,14.2,28.5] pool_ms=1278 hist_ms=5125 batch_ms=7613 nohit_px=37502/110592(33.91%) nohit_effective=40355 hitgate=true gated_px=37502 dark_alb_px=63 dark_capped_px=63 dark_clamped=75 (584.9s)
[v9p] MONITOR epoch 31: val sparkle 0.0/Mpx resid 0.0363 highlight_ratio 0.750 score=1.037 | mirror sparkle 0.0/Mpx resid 0.0445 highlight_ratio 0.913 (tgt sp<16 resid<0.035) *BEST->saved score_streak=0/20(LOG-ONLY) resid_streak=0/20(ABORT)
[v9p] FIRST BATCH mask check (epoch 32, pi=3 s=0): nohit_px(albedo)=3138/9216 nohit_effective(differs-from-CURE4)=3620 dark_alb_px(v9o degenerate-demod HIT px, dark_alb=0.0001)=3 dark_capped_px(v9p cap applied, delta=0.1)=3 dark_clamped(v9p cap actually fired)=0 | cross-check vs depth-hit-flag: false_hit_dark(albedo-mask says nohit, depth says REAL HIT)=3 false_miss_albedo(depth says miss, albedo-mask missed it — should be 0)=0
[v9p] epoch 32/300 n2n_mse=0.004734 lr=0.000090 pool_yaws=[24.2,-2.5,17.1] pool_ms=1306 hist_ms=5147 batch_ms=7732 nohit_px=37064/110592(33.51%) nohit_effective=37819 hitgate=true gated_px=37064 dark_alb_px=7 dark_capped_px=7 dark_clamped=0 (601.6s)
[v9p] MONITOR epoch 32: val sparkle 0.0/Mpx resid 0.0362 highlight_ratio 0.750 score=1.035 | mirror sparkle 0.0/Mpx resid 0.0443 highlight_ratio 0.913 (tgt sp<16 resid<0.035) *BEST->saved score_streak=0/20(LOG-ONLY) resid_streak=0/20(ABORT)
[v9p] FIRST BATCH mask check (epoch 33, pi=3 s=1): nohit_px(albedo)=3160/9216 nohit_effective(differs-from-CURE4)=3710 dark_alb_px(v9o degenerate-demod HIT px, dark_alb=0.0001)=1 dark_capped_px(v9p cap applied, delta=0.1)=1 dark_clamped(v9p cap actually fired)=0 | cross-check vs depth-hit-flag: false_hit_dark(albedo-mask says nohit, depth says REAL HIT)=1 false_miss_albedo(depth says miss, albedo-mask missed it — should be 0)=0
[v9p] epoch 33/300 n2n_mse=0.036255 lr=0.000090 pool_yaws=[4.8,26.2,27.5] pool_ms=1430 hist_ms=5154 batch_ms=8484 nohit_px=14907/110592(13.48%) nohit_effective=17699 hitgate=true gated_px=14907 dark_alb_px=311 dark_capped_px=311 dark_clamped=182 (619.3s)
[v9p] MONITOR epoch 33: val sparkle 0.0/Mpx resid 0.0362 highlight_ratio 0.750 score=1.034 | mirror sparkle 0.0/Mpx resid 0.0440 highlight_ratio 0.913 (tgt sp<16 resid<0.035) *BEST->saved score_streak=0/20(LOG-ONLY) resid_streak=0/20(ABORT)
[v9p] FIRST BATCH mask check (epoch 34, pi=0 s=2): nohit_px(albedo)=6336/9216 nohit_effective(differs-from-CURE4)=6209 dark_alb_px(v9o degenerate-demod HIT px, dark_alb=0.0001)=0 dark_capped_px(v9p cap applied, delta=0.1)=0 dark_clamped(v9p cap actually fired)=0 | cross-check vs depth-hit-flag: false_hit_dark(albedo-mask says nohit, depth says REAL HIT)=0 false_miss_albedo(depth says miss, albedo-mask missed it — should be 0)=0
[v9p] epoch 34/300 n2n_mse=0.004699 lr=0.000090 pool_yaws=[3.2,5.7,3.4] pool_ms=1189 hist_ms=5152 batch_ms=7158 nohit_px=55640/110592(50.31%) nohit_effective=56213 hitgate=true gated_px=55640 dark_alb_px=7 dark_capped_px=7 dark_clamped=1 (635.4s)
[v9p] MONITOR epoch 34: val sparkle 0.0/Mpx resid 0.0361 highlight_ratio 0.751 score=1.033 | mirror sparkle 0.0/Mpx resid 0.0437 highlight_ratio 0.913 (tgt sp<16 resid<0.035) *BEST->saved score_streak=0/20(LOG-ONLY) resid_streak=0/20(ABORT)
[v9p] FIRST BATCH mask check (epoch 35, pi=0 s=2): nohit_px(albedo)=7485/9216 nohit_effective(differs-from-CURE4)=7940 dark_alb_px(v9o degenerate-demod HIT px, dark_alb=0.0001)=23 dark_capped_px(v9p cap applied, delta=0.1)=23 dark_clamped(v9p cap actually fired)=11 | cross-check vs depth-hit-flag: false_hit_dark(albedo-mask says nohit, depth says REAL HIT)=23 false_miss_albedo(depth says miss, albedo-mask missed it — should be 0)=0
[v9p] epoch 35/300 n2n_mse=0.042263 lr=0.000090 pool_yaws=[1.0,28.1,24.9] pool_ms=1410 hist_ms=5161 batch_ms=8032 nohit_px=31705/110592(28.67%) nohit_effective=35169 hitgate=true gated_px=31705 dark_alb_px=895 dark_capped_px=895 dark_clamped=1153 (652.6s)
[v9p] MONITOR epoch 35: val sparkle 0.0/Mpx resid 0.0361 highlight_ratio 0.751 score=1.031 | mirror sparkle 0.0/Mpx resid 0.0435 highlight_ratio 0.913 (tgt sp<16 resid<0.035) *BEST->saved score_streak=0/20(LOG-ONLY) resid_streak=0/20(ABORT)
[v9p] FIRST BATCH mask check (epoch 36, pi=3 s=1): nohit_px(albedo)=3160/9216 nohit_effective(differs-from-CURE4)=3767 dark_alb_px(v9o degenerate-demod HIT px, dark_alb=0.0001)=1 dark_capped_px(v9p cap applied, delta=0.1)=1 dark_clamped(v9p cap actually fired)=0 | cross-check vs depth-hit-flag: false_hit_dark(albedo-mask says nohit, depth says REAL HIT)=1 false_miss_albedo(depth says miss, albedo-mask missed it — should be 0)=0
[v9p] epoch 36/300 n2n_mse=0.039587 lr=0.000089 pool_yaws=[27.0,-0.5,19.5] pool_ms=1418 hist_ms=5161 batch_ms=8212 nohit_px=26948/110592(24.37%) nohit_effective=29933 hitgate=true gated_px=26948 dark_alb_px=716 dark_capped_px=716 dark_clamped=689 (669.9s)
[v9p] MONITOR epoch 36: val sparkle 0.0/Mpx resid 0.0361 highlight_ratio 0.752 score=1.030 | mirror sparkle 0.0/Mpx resid 0.0432 highlight_ratio 0.913 (tgt sp<16 resid<0.035) *BEST->saved score_streak=0/20(LOG-ONLY) resid_streak=0/20(ABORT)
[v9p] FIRST BATCH mask check (epoch 37, pi=1 s=0): nohit_px(albedo)=8981/9216 nohit_effective(differs-from-CURE4)=9051 dark_alb_px(v9o degenerate-demod HIT px, dark_alb=0.0001)=0 dark_capped_px(v9p cap applied, delta=0.1)=0 dark_clamped(v9p cap actually fired)=0 | cross-check vs depth-hit-flag: false_hit_dark(albedo-mask says nohit, depth says REAL HIT)=0 false_miss_albedo(depth says miss, albedo-mask missed it — should be 0)=0
[v9p] epoch 37/300 n2n_mse=0.004748 lr=0.000089 pool_yaws=[2.0,-3.0,17.8] pool_ms=1276 hist_ms=5159 batch_ms=6925 nohit_px=63597/110592(57.51%) nohit_effective=64881 hitgate=true gated_px=63597 dark_alb_px=7 dark_capped_px=7 dark_clamped=1 (685.9s)
[v9p] MONITOR epoch 37: val sparkle 0.0/Mpx resid 0.0360 highlight_ratio 0.752 score=1.029 | mirror sparkle 0.0/Mpx resid 0.0429 highlight_ratio 0.913 (tgt sp<16 resid<0.035) *BEST->saved score_streak=0/20(LOG-ONLY) resid_streak=0/20(ABORT)
[v9p] FIRST BATCH mask check (epoch 38, pi=3 s=0): nohit_px(albedo)=3138/9216 nohit_effective(differs-from-CURE4)=3779 dark_alb_px(v9o degenerate-demod HIT px, dark_alb=0.0001)=3 dark_capped_px(v9p cap applied, delta=0.1)=3 dark_clamped(v9p cap actually fired)=0 | cross-check vs depth-hit-flag: false_hit_dark(albedo-mask says nohit, depth says REAL HIT)=3 false_miss_albedo(depth says miss, albedo-mask missed it — should be 0)=0
[v9p] epoch 38/300 n2n_mse=0.020432 lr=0.000089 pool_yaws=[13.7,5.1,-21.6] pool_ms=1241 hist_ms=5137 batch_ms=6848 nohit_px=64422/110592(58.25%) nohit_effective=65704 hitgate=true gated_px=64422 dark_alb_px=364 dark_capped_px=364 dark_clamped=512 (701.7s)
[v9p] MONITOR epoch 38: val sparkle 0.0/Mpx resid 0.0360 highlight_ratio 0.753 score=1.027 | mirror sparkle 0.0/Mpx resid 0.0427 highlight_ratio 0.913 (tgt sp<16 resid<0.035) *BEST->saved score_streak=0/20(LOG-ONLY) resid_streak=0/20(ABORT)
[v9p] FIRST BATCH mask check (epoch 39, pi=2 s=2): nohit_px(albedo)=810/9216 nohit_effective(differs-from-CURE4)=948 dark_alb_px(v9o degenerate-demod HIT px, dark_alb=0.0001)=33 dark_capped_px(v9p cap applied, delta=0.1)=33 dark_clamped(v9p cap actually fired)=38 | cross-check vs depth-hit-flag: false_hit_dark(albedo-mask says nohit, depth says REAL HIT)=33 false_miss_albedo(depth says miss, albedo-mask missed it — should be 0)=0
[v9p] epoch 39/300 n2n_mse=0.007868 lr=0.000088 pool_yaws=[-1.9,16.2,-28.9] pool_ms=1375 hist_ms=5158 batch_ms=7713 nohit_px=39272/110592(35.51%) nohit_effective=41403 hitgate=true gated_px=39272 dark_alb_px=106 dark_capped_px=106 dark_clamped=107 (718.5s)
[v9p] MONITOR epoch 39: val sparkle 0.0/Mpx resid 0.0359 highlight_ratio 0.753 score=1.026 | mirror sparkle 0.0/Mpx resid 0.0424 highlight_ratio 0.913 (tgt sp<16 resid<0.035) *BEST->saved score_streak=0/20(LOG-ONLY) resid_streak=0/20(ABORT)
[v9p] FIRST BATCH mask check (epoch 40, pi=3 s=0): nohit_px(albedo)=3138/9216 nohit_effective(differs-from-CURE4)=3945 dark_alb_px(v9o degenerate-demod HIT px, dark_alb=0.0001)=3 dark_capped_px(v9p cap applied, delta=0.1)=3 dark_clamped(v9p cap actually fired)=1 | cross-check vs depth-hit-flag: false_hit_dark(albedo-mask says nohit, depth says REAL HIT)=3 false_miss_albedo(depth says miss, albedo-mask missed it — should be 0)=0
[v9p] epoch 40/300 n2n_mse=0.062496 lr=0.000088 pool_yaws=[20.4,24.7,23.3] pool_ms=1279 hist_ms=5154 batch_ms=7957 nohit_px=37064/110592(33.51%) nohit_effective=38590 hitgate=true gated_px=37064 dark_alb_px=1664 dark_capped_px=1664 dark_clamped=1731 (735.5s)
[v9p] MONITOR epoch 40: val sparkle 0.0/Mpx resid 0.0359 highlight_ratio 0.754 score=1.025 | mirror sparkle 0.0/Mpx resid 0.0422 highlight_ratio 0.913 (tgt sp<16 resid<0.035) *BEST->saved score_streak=0/20(LOG-ONLY) resid_streak=0/20(ABORT)
[v9p] FIRST BATCH mask check (epoch 41, pi=2 s=1): nohit_px(albedo)=0/9216 nohit_effective(differs-from-CURE4)=0 dark_alb_px(v9o degenerate-demod HIT px, dark_alb=0.0001)=0 dark_capped_px(v9p cap applied, delta=0.1)=0 dark_clamped(v9p cap actually fired)=0 | cross-check vs depth-hit-flag: false_hit_dark(albedo-mask says nohit, depth says REAL HIT)=0 false_miss_albedo(depth says miss, albedo-mask missed it — should be 0)=0
[v9p] NOTE: this single first batch had zero no-hit pixels (crop landed entirely on geometry) — not aborting, waiting for the first EPOCH's aggregate count below.
[v9p] epoch 41/300 n2n_mse=0.004934 lr=0.000088 pool_yaws=[-21.5,14.4,-29.9] pool_ms=1380 hist_ms=5156 batch_ms=8343 nohit_px=15785/110592(14.27%) nohit_effective=17180 hitgate=true gated_px=15785 dark_alb_px=7 dark_capped_px=7 dark_clamped=1 (753.0s)
[v9p] MONITOR epoch 41: val sparkle 0.0/Mpx resid 0.0358 highlight_ratio 0.754 score=1.023 | mirror sparkle 0.0/Mpx resid 0.0419 highlight_ratio 0.913 (tgt sp<16 resid<0.035) *BEST->saved score_streak=0/20(LOG-ONLY) resid_streak=0/20(ABORT)
[v9p] FIRST BATCH mask check (epoch 42, pi=0 s=0): nohit_px(albedo)=9216/9216 nohit_effective(differs-from-CURE4)=9052 dark_alb_px(v9o degenerate-demod HIT px, dark_alb=0.0001)=0 dark_capped_px(v9p cap applied, delta=0.1)=0 dark_clamped(v9p cap actually fired)=0 | cross-check vs depth-hit-flag: false_hit_dark(albedo-mask says nohit, depth says REAL HIT)=0 false_miss_albedo(depth says miss, albedo-mask missed it — should be 0)=0
[v9p] epoch 42/300 n2n_mse=0.003889 lr=0.000088 pool_yaws=[-6.0,9.0,16.2] pool_ms=1159 hist_ms=5068 batch_ms=6726 nohit_px=64712/110592(58.51%) nohit_effective=65355 hitgate=true gated_px=64712 dark_alb_px=7 dark_capped_px=7 dark_clamped=1 (768.5s)
[v9p] MONITOR epoch 42: val sparkle 0.0/Mpx resid 0.0358 highlight_ratio 0.755 score=1.022 | mirror sparkle 0.0/Mpx resid 0.0417 highlight_ratio 0.913 (tgt sp<16 resid<0.035) *BEST->saved score_streak=0/20(LOG-ONLY) resid_streak=0/20(ABORT)
[v9p] FIRST BATCH mask check (epoch 43, pi=1 s=2): nohit_px(albedo)=1899/9216 nohit_effective(differs-from-CURE4)=2136 dark_alb_px(v9o degenerate-demod HIT px, dark_alb=0.0001)=204 dark_capped_px(v9p cap applied, delta=0.1)=204 dark_clamped(v9p cap actually fired)=221 | cross-check vs depth-hit-flag: false_hit_dark(albedo-mask says nohit, depth says REAL HIT)=204 false_miss_albedo(depth says miss, albedo-mask missed it — should be 0)=0
[v9p] epoch 43/300 n2n_mse=0.045729 lr=0.000087 pool_yaws=[4.9,0.1,-17.0] pool_ms=1429 hist_ms=5071 batch_ms=7713 nohit_px=39053/110592(35.31%) nohit_effective=42995 hitgate=true gated_px=39053 dark_alb_px=672 dark_capped_px=672 dark_clamped=763 (785.2s)
[v9p] MONITOR epoch 43: val sparkle 0.0/Mpx resid 0.0357 highlight_ratio 0.755 score=1.021 | mirror sparkle 0.0/Mpx resid 0.0414 highlight_ratio 0.913 (tgt sp<16 resid<0.035) *BEST->saved score_streak=0/20(LOG-ONLY) resid_streak=0/20(ABORT)
[v9p] FIRST BATCH mask check (epoch 44, pi=3 s=2): nohit_px(albedo)=3118/9216 nohit_effective(differs-from-CURE4)=3950 dark_alb_px(v9o degenerate-demod HIT px, dark_alb=0.0001)=3 dark_capped_px(v9p cap applied, delta=0.1)=3 dark_clamped(v9p cap actually fired)=0 | cross-check vs depth-hit-flag: false_hit_dark(albedo-mask says nohit, depth says REAL HIT)=3 false_miss_albedo(depth says miss, albedo-mask missed it — should be 0)=0
[v9p] epoch 44/300 n2n_mse=0.005806 lr=0.000087 pool_yaws=[-29.7,9.5,-10.4] pool_ms=1431 hist_ms=5071 batch_ms=8508 nohit_px=9416/110592(8.51%) nohit_effective=11597 hitgate=true gated_px=9416 dark_alb_px=7 dark_capped_px=7 dark_clamped=1 (802.8s)
[v9p] MONITOR epoch 44: val sparkle 0.0/Mpx resid 0.0357 highlight_ratio 0.755 score=1.019 | mirror sparkle 0.0/Mpx resid 0.0412 highlight_ratio 0.913 (tgt sp<16 resid<0.035) *BEST->saved score_streak=0/20(LOG-ONLY) resid_streak=0/20(ABORT)
[v9p] FIRST BATCH mask check (epoch 45, pi=1 s=0): nohit_px(albedo)=0/9216 nohit_effective(differs-from-CURE4)=0 dark_alb_px(v9o degenerate-demod HIT px, dark_alb=0.0001)=0 dark_capped_px(v9p cap applied, delta=0.1)=0 dark_clamped(v9p cap actually fired)=0 | cross-check vs depth-hit-flag: false_hit_dark(albedo-mask says nohit, depth says REAL HIT)=0 false_miss_albedo(depth says miss, albedo-mask missed it — should be 0)=0
[v9p] NOTE: this single first batch had zero no-hit pixels (crop landed entirely on geometry) — not aborting, waiting for the first EPOCH's aggregate count below.
[v9p] epoch 45/300 n2n_mse=0.004563 lr=0.000087 pool_yaws=[-22.3,5.4,9.6] pool_ms=1215 hist_ms=5044 batch_ms=8407 nohit_px=9416/110592(8.51%) nohit_effective=12331 hitgate=true gated_px=9416 dark_alb_px=7 dark_capped_px=7 dark_clamped=1 (820.0s)
[v9p] MONITOR epoch 45: val sparkle 0.0/Mpx resid 0.0356 highlight_ratio 0.756 score=1.018 | mirror sparkle 0.0/Mpx resid 0.0409 highlight_ratio 0.913 (tgt sp<16 resid<0.035) *BEST->saved score_streak=0/20(LOG-ONLY) resid_streak=0/20(ABORT)
[v9p] FIRST BATCH mask check (epoch 46, pi=3 s=0): nohit_px(albedo)=3138/9216 nohit_effective(differs-from-CURE4)=4045 dark_alb_px(v9o degenerate-demod HIT px, dark_alb=0.0001)=3 dark_capped_px(v9p cap applied, delta=0.1)=3 dark_clamped(v9p cap actually fired)=1 | cross-check vs depth-hit-flag: false_hit_dark(albedo-mask says nohit, depth says REAL HIT)=3 false_miss_albedo(depth says miss, albedo-mask missed it — should be 0)=0
[v9p] epoch 46/300 n2n_mse=0.006619 lr=0.000087 pool_yaws=[19.6,-6.1,8.1] pool_ms=1197 hist_ms=5074 batch_ms=7791 nohit_px=44495/110592(40.23%) nohit_effective=47017 hitgate=true gated_px=44495 dark_alb_px=7 dark_capped_px=7 dark_clamped=1 (836.5s)
[v9p] MONITOR epoch 46: val sparkle 0.0/Mpx resid 0.0356 highlight_ratio 0.756 score=1.017 | mirror sparkle 0.0/Mpx resid 0.0407 highlight_ratio 0.914 (tgt sp<16 resid<0.035) *BEST->saved score_streak=0/20(LOG-ONLY) resid_streak=0/20(ABORT)
[v9p] FIRST BATCH mask check (epoch 47, pi=2 s=2): nohit_px(albedo)=0/9216 nohit_effective(differs-from-CURE4)=0 dark_alb_px(v9o degenerate-demod HIT px, dark_alb=0.0001)=0 dark_capped_px(v9p cap applied, delta=0.1)=0 dark_clamped(v9p cap actually fired)=0 | cross-check vs depth-hit-flag: false_hit_dark(albedo-mask says nohit, depth says REAL HIT)=0 false_miss_albedo(depth says miss, albedo-mask missed it — should be 0)=0
[v9p] NOTE: this single first batch had zero no-hit pixels (crop landed entirely on geometry) — not aborting, waiting for the first EPOCH's aggregate count below.
[v9p] epoch 47/300 n2n_mse=0.004512 lr=0.000086 pool_yaws=[-13.9,12.8,-27.8] pool_ms=1116 hist_ms=5183 batch_ms=7435 nohit_px=37064/110592(33.51%) nohit_effective=38248 hitgate=true gated_px=37064 dark_alb_px=7 dark_capped_px=7 dark_clamped=1 (852.8s)
[v9p] MONITOR epoch 47: val sparkle 0.0/Mpx resid 0.0356 highlight_ratio 0.757 score=1.016 | mirror sparkle 0.0/Mpx resid 0.0404 highlight_ratio 0.914 (tgt sp<16 resid<0.035) *BEST->saved score_streak=0/20(LOG-ONLY) resid_streak=0/20(ABORT)
[v9p] FIRST BATCH mask check (epoch 48, pi=2 s=2): nohit_px(albedo)=0/9216 nohit_effective(differs-from-CURE4)=0 dark_alb_px(v9o degenerate-demod HIT px, dark_alb=0.0001)=0 dark_capped_px(v9p cap applied, delta=0.1)=0 dark_clamped(v9p cap actually fired)=0 | cross-check vs depth-hit-flag: false_hit_dark(albedo-mask says nohit, depth says REAL HIT)=0 false_miss_albedo(depth says miss, albedo-mask missed it — should be 0)=0
[v9p] NOTE: this single first batch had zero no-hit pixels (crop landed entirely on geometry) — not aborting, waiting for the first EPOCH's aggregate count below.
[v9p] epoch 48/300 n2n_mse=0.005472 lr=0.000086 pool_yaws=[14.7,18.5,24.1] pool_ms=1175 hist_ms=4994 batch_ms=7909 nohit_px=30995/110592(28.03%) nohit_effective=33497 hitgate=true gated_px=30995 dark_alb_px=7 dark_capped_px=7 dark_clamped=1 (869.4s)
[v9p] MONITOR epoch 48: val sparkle 108.5/Mpx resid 0.0355 highlight_ratio 0.757 score=2.713 | mirror sparkle 0.0/Mpx resid 0.0402 highlight_ratio 0.914 (tgt sp<16 resid<0.035) score_streak=1/20(LOG-ONLY) resid_streak=0/20(ABORT)
[v9p] FIRST BATCH mask check (epoch 49, pi=0 s=1): nohit_px(albedo)=9216/9216 nohit_effective(differs-from-CURE4)=9072 dark_alb_px(v9o degenerate-demod HIT px, dark_alb=0.0001)=0 dark_capped_px(v9p cap applied, delta=0.1)=0 dark_clamped(v9p cap actually fired)=0 | cross-check vs depth-hit-flag: false_hit_dark(albedo-mask says nohit, depth says REAL HIT)=0 false_miss_albedo(depth says miss, albedo-mask missed it — should be 0)=0
[v9p] epoch 49/300 n2n_mse=0.006038 lr=0.000086 pool_yaws=[28.5,-27.2,-29.7] pool_ms=1218 hist_ms=5119 batch_ms=7620 nohit_px=37064/110592(33.51%) nohit_effective=38488 hitgate=true gated_px=37064 dark_alb_px=7 dark_capped_px=7 dark_clamped=1 (885.9s)
[v9p] MONITOR epoch 49: val sparkle 108.5/Mpx resid 0.0355 highlight_ratio 0.758 score=2.713 | mirror sparkle 0.0/Mpx resid 0.0400 highlight_ratio 0.914 (tgt sp<16 resid<0.035) score_streak=2/20(LOG-ONLY) resid_streak=0/20(ABORT)
[v9p] PROBE epoch 49: bar-res(640x480) sparkle 3.3/Mpx resid 0.0520 highlight_ratio 0.775 (tgt sp<16 resid<0.035) took 49.0s
[v9p] FIRST BATCH mask check (epoch 50, pi=2 s=1): nohit_px(albedo)=0/9216 nohit_effective(differs-from-CURE4)=0 dark_alb_px(v9o degenerate-demod HIT px, dark_alb=0.0001)=0 dark_capped_px(v9p cap applied, delta=0.1)=0 dark_clamped(v9p cap actually fired)=0 | cross-check vs depth-hit-flag: false_hit_dark(albedo-mask says nohit, depth says REAL HIT)=0 false_miss_albedo(depth says miss, albedo-mask missed it — should be 0)=0
[v9p] NOTE: this single first batch had zero no-hit pixels (crop landed entirely on geometry) — not aborting, waiting for the first EPOCH's aggregate count below.
[v9p] epoch 50/300 n2n_mse=0.005001 lr=0.000086 pool_yaws=[-24.3,-17.3,15.1] pool_ms=1471 hist_ms=5129 batch_ms=8525 nohit_px=10570/110592(9.56%) nohit_effective=12765 hitgate=true gated_px=10570 dark_alb_px=7 dark_capped_px=7 dark_clamped=1 (952.6s)
[v9p] MONITOR epoch 50: val sparkle 108.5/Mpx resid 0.0354 highlight_ratio 0.758 score=2.713 | mirror sparkle 0.0/Mpx resid 0.0397 highlight_ratio 0.914 (tgt sp<16 resid<0.035) score_streak=3/20(LOG-ONLY) resid_streak=0/20(ABORT)
[v9p] FIRST BATCH mask check (epoch 51, pi=3 s=0): nohit_px(albedo)=3138/9216 nohit_effective(differs-from-CURE4)=3829 dark_alb_px(v9o degenerate-demod HIT px, dark_alb=0.0001)=3 dark_capped_px(v9p cap applied, delta=0.1)=3 dark_clamped(v9p cap actually fired)=1 | cross-check vs depth-hit-flag: false_hit_dark(albedo-mask says nohit, depth says REAL HIT)=3 false_miss_albedo(depth says miss, albedo-mask missed it — should be 0)=0
[v9p] epoch 51/300 n2n_mse=0.004486 lr=0.000085 pool_yaws=[28.2,22.4,-1.2] pool_ms=1285 hist_ms=5125 batch_ms=6854 nohit_px=64694/110592(58.50%) nohit_effective=65737 hitgate=true gated_px=64694 dark_alb_px=7 dark_capped_px=7 dark_clamped=1 (968.4s)
[v9p] MONITOR epoch 51: val sparkle 108.5/Mpx resid 0.0354 highlight_ratio 0.759 score=2.713 | mirror sparkle 0.0/Mpx resid 0.0395 highlight_ratio 0.914 (tgt sp<16 resid<0.035) score_streak=4/20(LOG-ONLY) resid_streak=0/20(ABORT)
[v9p] FIRST BATCH mask check (epoch 52, pi=3 s=0): nohit_px(albedo)=3138/9216 nohit_effective(differs-from-CURE4)=3751 dark_alb_px(v9o degenerate-demod HIT px, dark_alb=0.0001)=3 dark_capped_px(v9p cap applied, delta=0.1)=3 dark_clamped(v9p cap actually fired)=1 | cross-check vs depth-hit-flag: false_hit_dark(albedo-mask says nohit, depth says REAL HIT)=3 false_miss_albedo(depth says miss, albedo-mask missed it — should be 0)=0
[v9p] epoch 52/300 n2n_mse=0.050951 lr=0.000085 pool_yaws=[26.8,13.7,25.0] pool_ms=1325 hist_ms=5111 batch_ms=7799 nohit_px=39616/110592(35.82%) nohit_effective=42313 hitgate=true gated_px=39616 dark_alb_px=862 dark_capped_px=862 dark_clamped=767 (985.3s)
[v9p] MONITOR epoch 52: val sparkle 108.5/Mpx resid 0.0354 highlight_ratio 0.759 score=2.713 | mirror sparkle 0.0/Mpx resid 0.0392 highlight_ratio 0.914 (tgt sp<16 resid<0.035) score_streak=5/20(LOG-ONLY) resid_streak=0/20(ABORT)
[v9p] FIRST BATCH mask check (epoch 53, pi=3 s=1): nohit_px(albedo)=3160/9216 nohit_effective(differs-from-CURE4)=3615 dark_alb_px(v9o degenerate-demod HIT px, dark_alb=0.0001)=1 dark_capped_px(v9p cap applied, delta=0.1)=1 dark_clamped(v9p cap actually fired)=0 | cross-check vs depth-hit-flag: false_hit_dark(albedo-mask says nohit, depth says REAL HIT)=1 false_miss_albedo(depth says miss, albedo-mask missed it — should be 0)=0
[v9p] epoch 53/300 n2n_mse=0.051334 lr=0.000085 pool_yaws=[-29.5,19.2,26.5] pool_ms=1703 hist_ms=5264 batch_ms=9991 nohit_px=9416/110592(8.51%) nohit_effective=10873 hitgate=true gated_px=9416 dark_alb_px=825 dark_capped_px=825 dark_clamped=863 (1004.9s)
[v9p] MONITOR epoch 53: val sparkle 108.5/Mpx resid 0.0353 highlight_ratio 0.760 score=2.713 | mirror sparkle 0.0/Mpx resid 0.0390 highlight_ratio 0.914 (tgt sp<16 resid<0.035) score_streak=6/20(LOG-ONLY) resid_streak=0/20(ABORT)
[v9p] FIRST BATCH mask check (epoch 54, pi=1 s=1): nohit_px(albedo)=0/9216 nohit_effective(differs-from-CURE4)=0 dark_alb_px(v9o degenerate-demod HIT px, dark_alb=0.0001)=164 dark_capped_px(v9p cap applied, delta=0.1)=164 dark_clamped(v9p cap actually fired)=82 | cross-check vs depth-hit-flag: false_hit_dark(albedo-mask says nohit, depth says REAL HIT)=164 false_miss_albedo(depth says miss, albedo-mask missed it — should be 0)=0
[v9p] NOTE: this single first batch had zero no-hit pixels (crop landed entirely on geometry) — not aborting, waiting for the first EPOCH's aggregate count below.
[v9p] epoch 54/300 n2n_mse=0.024765 lr=0.000085 pool_yaws=[17.8,-4.4,10.4] pool_ms=1435 hist_ms=5160 batch_ms=8377 nohit_px=37064/110592(33.51%) nohit_effective=37822 hitgate=true gated_px=37064 dark_alb_px=499 dark_capped_px=499 dark_clamped=271 (1022.5s)
[v9p] MONITOR epoch 54: val sparkle 108.5/Mpx resid 0.0353 highlight_ratio 0.760 score=2.713 | mirror sparkle 0.0/Mpx resid 0.0388 highlight_ratio 0.914 (tgt sp<16 resid<0.035) score_streak=7/20(LOG-ONLY) resid_streak=0/20(ABORT)
[v9p] FIRST BATCH mask check (epoch 55, pi=1 s=2): nohit_px(albedo)=9216/9216 nohit_effective(differs-from-CURE4)=9079 dark_alb_px(v9o degenerate-demod HIT px, dark_alb=0.0001)=0 dark_capped_px(v9p cap applied, delta=0.1)=0 dark_clamped(v9p cap actually fired)=0 | cross-check vs depth-hit-flag: false_hit_dark(albedo-mask says nohit, depth says REAL HIT)=0 false_miss_albedo(depth says miss, albedo-mask missed it — should be 0)=0
[v9p] epoch 55/300 n2n_mse=0.038529 lr=0.000085 pool_yaws=[-25.4,21.1,-22.3] pool_ms=1360 hist_ms=5159 batch_ms=7540 nohit_px=42348/110592(38.29%) nohit_effective=45148 hitgate=true gated_px=42348 dark_alb_px=809 dark_capped_px=809 dark_clamped=913 (1039.1s)
[v9p] MONITOR epoch 55: val sparkle 108.5/Mpx resid 0.0353 highlight_ratio 0.761 score=2.713 | mirror sparkle 0.0/Mpx resid 0.0386 highlight_ratio 0.914 (tgt sp<16 resid<0.035) score_streak=8/20(LOG-ONLY) resid_streak=0/20(ABORT)
[v9p] FIRST BATCH mask check (epoch 56, pi=2 s=2): nohit_px(albedo)=0/9216 nohit_effective(differs-from-CURE4)=0 dark_alb_px(v9o degenerate-demod HIT px, dark_alb=0.0001)=0 dark_capped_px(v9p cap applied, delta=0.1)=0 dark_clamped(v9p cap actually fired)=0 | cross-check vs depth-hit-flag: false_hit_dark(albedo-mask says nohit, depth says REAL HIT)=0 false_miss_albedo(depth says miss, albedo-mask missed it — should be 0)=0
[v9p] NOTE: this single first batch had zero no-hit pixels (crop landed entirely on geometry) — not aborting, waiting for the first EPOCH's aggregate count below.
[v9p] epoch 56/300 n2n_mse=0.004179 lr=0.000084 pool_yaws=[-5.3,-16.6,9.0] pool_ms=1607 hist_ms=5160 batch_ms=8753 nohit_px=9416/110592(8.51%) nohit_effective=11603 hitgate=true gated_px=9416 dark_alb_px=7 dark_capped_px=7 dark_clamped=1 (1057.2s)
[v9p] MONITOR epoch 56: val sparkle 108.5/Mpx resid 0.0352 highlight_ratio 0.761 score=2.713 | mirror sparkle 0.0/Mpx resid 0.0383 highlight_ratio 0.914 (tgt sp<16 resid<0.035) score_streak=9/20(LOG-ONLY) resid_streak=0/20(ABORT)
[v9p] FIRST BATCH mask check (epoch 57, pi=2 s=1): nohit_px(albedo)=0/9216 nohit_effective(differs-from-CURE4)=0 dark_alb_px(v9o degenerate-demod HIT px, dark_alb=0.0001)=0 dark_capped_px(v9p cap applied, delta=0.1)=0 dark_clamped(v9p cap actually fired)=0 | cross-check vs depth-hit-flag: false_hit_dark(albedo-mask says nohit, depth says REAL HIT)=0 false_miss_albedo(depth says miss, albedo-mask missed it — should be 0)=0
[v9p] NOTE: this single first batch had zero no-hit pixels (crop landed entirely on geometry) — not aborting, waiting for the first EPOCH's aggregate count below.
[v9p] epoch 57/300 n2n_mse=0.013667 lr=0.000084 pool_yaws=[19.9,17.9,28.2] pool_ms=1752 hist_ms=5158 batch_ms=8660 nohit_px=14223/110592(12.86%) nohit_effective=17574 hitgate=true gated_px=14223 dark_alb_px=104 dark_capped_px=104 dark_clamped=51 (1075.4s)
[v9p] MONITOR epoch 57: val sparkle 108.5/Mpx resid 0.0352 highlight_ratio 0.762 score=2.713 | mirror sparkle 0.0/Mpx resid 0.0381 highlight_ratio 0.914 (tgt sp<16 resid<0.035) score_streak=10/20(LOG-ONLY) resid_streak=0/20(ABORT)
[v9p] FIRST BATCH mask check (epoch 58, pi=1 s=0): nohit_px(albedo)=0/9216 nohit_effective(differs-from-CURE4)=0 dark_alb_px(v9o degenerate-demod HIT px, dark_alb=0.0001)=0 dark_capped_px(v9p cap applied, delta=0.1)=0 dark_clamped(v9p cap actually fired)=0 | cross-check vs depth-hit-flag: false_hit_dark(albedo-mask says nohit, depth says REAL HIT)=0 false_miss_albedo(depth says miss, albedo-mask missed it — should be 0)=0
[v9p] NOTE: this single first batch had zero no-hit pixels (crop landed entirely on geometry) — not aborting, waiting for the first EPOCH's aggregate count below.
[v9p] epoch 58/300 n2n_mse=0.003334 lr=0.000084 pool_yaws=[29.7,-9.9,13.4] pool_ms=1416 hist_ms=5124 batch_ms=7539 nohit_px=37064/110592(33.51%) nohit_effective=38451 hitgate=true gated_px=37064 dark_alb_px=7 dark_capped_px=7 dark_clamped=1 (1092.0s)
[v9p] MONITOR epoch 58: val sparkle 108.5/Mpx resid 0.0352 highlight_ratio 0.762 score=2.713 | mirror sparkle 0.0/Mpx resid 0.0379 highlight_ratio 0.914 (tgt sp<16 resid<0.035) score_streak=11/20(LOG-ONLY) resid_streak=0/20(ABORT)
[v9p] FIRST BATCH mask check (epoch 59, pi=0 s=1): nohit_px(albedo)=5472/9216 nohit_effective(differs-from-CURE4)=5315 dark_alb_px(v9o degenerate-demod HIT px, dark_alb=0.0001)=0 dark_capped_px(v9p cap applied, delta=0.1)=0 dark_clamped(v9p cap actually fired)=0 | cross-check vs depth-hit-flag: false_hit_dark(albedo-mask says nohit, depth says REAL HIT)=0 false_miss_albedo(depth says miss, albedo-mask missed it — should be 0)=0
[v9p] epoch 59/300 n2n_mse=0.003682 lr=0.000084 pool_yaws=[11.2,-7.8,27.0] pool_ms=1513 hist_ms=5262 batch_ms=8302 nohit_px=25832/110592(23.36%) nohit_effective=27266 hitgate=true gated_px=25832 dark_alb_px=7 dark_capped_px=7 dark_clamped=1 (1109.7s)
[v9p] MONITOR epoch 59: val sparkle 108.5/Mpx resid 0.0351 highlight_ratio 0.763 score=2.713 | mirror sparkle 0.0/Mpx resid 0.0377 highlight_ratio 0.914 (tgt sp<16 resid<0.035) score_streak=12/20(LOG-ONLY) resid_streak=0/20(ABORT)
[v9p] FIRST BATCH mask check (epoch 60, pi=2 s=0): nohit_px(albedo)=4354/9216 nohit_effective(differs-from-CURE4)=4600 dark_alb_px(v9o degenerate-demod HIT px, dark_alb=0.0001)=63 dark_capped_px(v9p cap applied, delta=0.1)=63 dark_clamped(v9p cap actually fired)=25 | cross-check vs depth-hit-flag: false_hit_dark(albedo-mask says nohit, depth says REAL HIT)=63 false_miss_albedo(depth says miss, albedo-mask missed it — should be 0)=0
[v9p] epoch 60/300 n2n_mse=0.013119 lr=0.000083 pool_yaws=[21.6,2.6,-6.0] pool_ms=1869 hist_ms=5317 batch_ms=7999 nohit_px=41189/110592(37.24%) nohit_effective=43591 hitgate=true gated_px=41189 dark_alb_px=199 dark_capped_px=199 dark_clamped=75 (1127.6s)
[v9p] MONITOR epoch 60: val sparkle 108.5/Mpx resid 0.0351 highlight_ratio 0.763 score=2.713 | mirror sparkle 0.0/Mpx resid 0.0375 highlight_ratio 0.914 (tgt sp<16 resid<0.035) score_streak=13/20(LOG-ONLY) resid_streak=0/20(ABORT)
[v9p] FIRST BATCH mask check (epoch 61, pi=0 s=2): nohit_px(albedo)=9216/9216 nohit_effective(differs-from-CURE4)=9010 dark_alb_px(v9o degenerate-demod HIT px, dark_alb=0.0001)=0 dark_capped_px(v9p cap applied, delta=0.1)=0 dark_clamped(v9p cap actually fired)=0 | cross-check vs depth-hit-flag: false_hit_dark(albedo-mask says nohit, depth says REAL HIT)=0 false_miss_albedo(depth says miss, albedo-mask missed it — should be 0)=0
[v9p] epoch 61/300 n2n_mse=0.004515 lr=0.000083 pool_yaws=[-4.0,19.2,-14.1] pool_ms=1488 hist_ms=5148 batch_ms=7685 nohit_px=37064/110592(33.51%) nohit_effective=37405 hitgate=true gated_px=37064 dark_alb_px=7 dark_capped_px=7 dark_clamped=1 (1144.5s)
[v9p] MONITOR epoch 61: val sparkle 108.5/Mpx resid 0.0351 highlight_ratio 0.763 score=2.713 | mirror sparkle 0.0/Mpx resid 0.0373 highlight_ratio 0.914 (tgt sp<16 resid<0.035) score_streak=14/20(LOG-ONLY) resid_streak=0/20(ABORT)
[v9p] FIRST BATCH mask check (epoch 62, pi=0 s=1): nohit_px(albedo)=3116/9216 nohit_effective(differs-from-CURE4)=3021 dark_alb_px(v9o degenerate-demod HIT px, dark_alb=0.0001)=0 dark_capped_px(v9p cap applied, delta=0.1)=0 dark_clamped(v9p cap actually fired)=0 | cross-check vs depth-hit-flag: false_hit_dark(albedo-mask says nohit, depth says REAL HIT)=0 false_miss_albedo(depth says miss, albedo-mask missed it — should be 0)=0
[v9p] epoch 62/300 n2n_mse=0.004911 lr=0.000083 pool_yaws=[-26.2,-9.3,-11.4] pool_ms=1571 hist_ms=5138 batch_ms=8459 nohit_px=18832/110592(17.03%) nohit_effective=20069 hitgate=true gated_px=18832 dark_alb_px=7 dark_capped_px=7 dark_clamped=1 (1162.2s)
[v9p] MONITOR epoch 62: val sparkle 108.5/Mpx resid 0.0351 highlight_ratio 0.764 score=2.713 | mirror sparkle 0.0/Mpx resid 0.0371 highlight_ratio 0.914 (tgt sp<16 resid<0.035) score_streak=15/20(LOG-ONLY) resid_streak=0/20(ABORT)
[v9p] FIRST BATCH mask check (epoch 63, pi=3 s=0): nohit_px(albedo)=3138/9216 nohit_effective(differs-from-CURE4)=3759 dark_alb_px(v9o degenerate-demod HIT px, dark_alb=0.0001)=3 dark_capped_px(v9p cap applied, delta=0.1)=3 dark_clamped(v9p cap actually fired)=1 | cross-check vs depth-hit-flag: false_hit_dark(albedo-mask says nohit, depth says REAL HIT)=3 false_miss_albedo(depth says miss, albedo-mask missed it — should be 0)=0
[v9p] epoch 63/300 n2n_mse=0.003279 lr=0.000083 pool_yaws=[1.7,-1.5,3.2] pool_ms=1261 hist_ms=5437 batch_ms=6958 nohit_px=64685/110592(58.49%) nohit_effective=65804 hitgate=true gated_px=64685 dark_alb_px=7 dark_capped_px=7 dark_clamped=1 (1178.4s)
[v9p] MONITOR epoch 63: val sparkle 108.5/Mpx resid 0.0350 highlight_ratio 0.764 score=2.713 | mirror sparkle 0.0/Mpx resid 0.0369 highlight_ratio 0.914 (tgt sp<16 resid<0.035) score_streak=16/20(LOG-ONLY) resid_streak=0/20(ABORT)
[v9p] FIRST BATCH mask check (epoch 64, pi=0 s=2): nohit_px(albedo)=0/9216 nohit_effective(differs-from-CURE4)=0 dark_alb_px(v9o degenerate-demod HIT px, dark_alb=0.0001)=0 dark_capped_px(v9p cap applied, delta=0.1)=0 dark_clamped(v9p cap actually fired)=0 | cross-check vs depth-hit-flag: false_hit_dark(albedo-mask says nohit, depth says REAL HIT)=0 false_miss_albedo(depth says miss, albedo-mask missed it — should be 0)=0
[v9p] NOTE: this single first batch had zero no-hit pixels (crop landed entirely on geometry) — not aborting, waiting for the first EPOCH's aggregate count below.
[v9p] epoch 64/300 n2n_mse=0.046313 lr=0.000082 pool_yaws=[13.1,19.8,19.9] pool_ms=1538 hist_ms=5190 batch_ms=8804 nohit_px=9416/110592(8.51%) nohit_effective=11534 hitgate=true gated_px=9416 dark_alb_px=1702 dark_capped_px=1702 dark_clamped=2583 (1196.6s)
[v9p] MONITOR epoch 64: val sparkle 108.5/Mpx resid 0.0350 highlight_ratio 0.765 score=2.713 | mirror sparkle 0.0/Mpx resid 0.0367 highlight_ratio 0.914 (tgt sp<16 resid<0.035) score_streak=17/20(LOG-ONLY) resid_streak=0/20(ABORT)
[v9p] FIRST BATCH mask check (epoch 65, pi=3 s=0): nohit_px(albedo)=3138/9216 nohit_effective(differs-from-CURE4)=3866 dark_alb_px(v9o degenerate-demod HIT px, dark_alb=0.0001)=3 dark_capped_px(v9p cap applied, delta=0.1)=3 dark_clamped(v9p cap actually fired)=1 | cross-check vs depth-hit-flag: false_hit_dark(albedo-mask says nohit, depth says REAL HIT)=3 false_miss_albedo(depth says miss, albedo-mask missed it — should be 0)=0
[v9p] epoch 65/300 n2n_mse=0.003401 lr=0.000082 pool_yaws=[-11.9,-12.2,29.4] pool_ms=1338 hist_ms=5173 batch_ms=6937 nohit_px=64712/110592(58.51%) nohit_effective=65795 hitgate=true gated_px=64712 dark_alb_px=7 dark_capped_px=7 dark_clamped=1 (1212.6s)
[v9p] MONITOR epoch 65: val sparkle 108.5/Mpx resid 0.0350 highlight_ratio 0.765 score=2.713 | mirror sparkle 0.0/Mpx resid 0.0365 highlight_ratio 0.914 (tgt sp<16 resid<0.035) score_streak=18/20(LOG-ONLY) resid_streak=0/20(ABORT)
[v9p] FIRST BATCH mask check (epoch 66, pi=3 s=1): nohit_px(albedo)=3160/9216 nohit_effective(differs-from-CURE4)=3752 dark_alb_px(v9o degenerate-demod HIT px, dark_alb=0.0001)=1 dark_capped_px(v9p cap applied, delta=0.1)=1 dark_clamped(v9p cap actually fired)=0 | cross-check vs depth-hit-flag: false_hit_dark(albedo-mask says nohit, depth says REAL HIT)=1 false_miss_albedo(depth says miss, albedo-mask missed it — should be 0)=0
[v9p] epoch 66/300 n2n_mse=0.030594 lr=0.000082 pool_yaws=[-8.5,27.2,1.8] pool_ms=1454 hist_ms=5166 batch_ms=8676 nohit_px=10712/110592(9.69%) nohit_effective=12881 hitgate=true gated_px=10712 dark_alb_px=570 dark_capped_px=570 dark_clamped=542 (1230.5s)
[v9p] MONITOR epoch 66: val sparkle 108.5/Mpx resid 0.0350 highlight_ratio 0.766 score=2.713 | mirror sparkle 0.0/Mpx resid 0.0363 highlight_ratio 0.914 (tgt sp<16 resid<0.035) score_streak=19/20(LOG-ONLY) resid_streak=0/20(ABORT)
[v9p] FIRST BATCH mask check (epoch 67, pi=1 s=0): nohit_px(albedo)=0/9216 nohit_effective(differs-from-CURE4)=0 dark_alb_px(v9o degenerate-demod HIT px, dark_alb=0.0001)=0 dark_capped_px(v9p cap applied, delta=0.1)=0 dark_clamped(v9p cap actually fired)=0 | cross-check vs depth-hit-flag: false_hit_dark(albedo-mask says nohit, depth says REAL HIT)=0 false_miss_albedo(depth says miss, albedo-mask missed it — should be 0)=0
[v9p] NOTE: this single first batch had zero no-hit pixels (crop landed entirely on geometry) — not aborting, waiting for the first EPOCH's aggregate count below.
[v9p] epoch 67/300 n2n_mse=0.018131 lr=0.000082 pool_yaws=[20.9,10.1,-25.9] pool_ms=1440 hist_ms=5160 batch_ms=9125 nohit_px=11166/110592(10.10%) nohit_effective=13774 hitgate=true gated_px=11166 dark_alb_px=177 dark_capped_px=177 dark_clamped=133 (1248.8s)
[v9p] MONITOR epoch 67: val sparkle 108.5/Mpx resid 0.0350 highlight_ratio 0.766 score=2.713 | mirror sparkle 0.0/Mpx resid 0.0361 highlight_ratio 0.914 (tgt sp<16 resid<0.035) score_streak=20/20(LOG-ONLY) resid_streak=0/20(ABORT)
[v9p] FIRST BATCH mask check (epoch 68, pi=0 s=1): nohit_px(albedo)=8320/9216 nohit_effective(differs-from-CURE4)=8476 dark_alb_px(v9o degenerate-demod HIT px, dark_alb=0.0001)=0 dark_capped_px(v9p cap applied, delta=0.1)=0 dark_clamped(v9p cap actually fired)=0 | cross-check vs depth-hit-flag: false_hit_dark(albedo-mask says nohit, depth says REAL HIT)=0 false_miss_albedo(depth says miss, albedo-mask missed it — should be 0)=0
[v9p] epoch 68/300 n2n_mse=0.004742 lr=0.000082 pool_yaws=[-9.8,2.8,-24.4] pool_ms=1344 hist_ms=5159 batch_ms=6936 nohit_px=62024/110592(56.08%) nohit_effective=63172 hitgate=true gated_px=62024 dark_alb_px=7 dark_capped_px=7 dark_clamped=1 (1264.8s)
[v9p] MONITOR epoch 68: val sparkle 108.5/Mpx resid 0.0349 highlight_ratio 0.766 score=2.713 | mirror sparkle 0.0/Mpx resid 0.0359 highlight_ratio 0.914 (tgt sp<16 resid<0.035) score_streak=21/20(LOG-ONLY) resid_streak=0/20(ABORT)
[v9p] FIRST BATCH mask check (epoch 69, pi=3 s=0): nohit_px(albedo)=3138/9216 nohit_effective(differs-from-CURE4)=3518 dark_alb_px(v9o degenerate-demod HIT px, dark_alb=0.0001)=3 dark_capped_px(v9p cap applied, delta=0.1)=3 dark_clamped(v9p cap actually fired)=1 | cross-check vs depth-hit-flag: false_hit_dark(albedo-mask says nohit, depth says REAL HIT)=3 false_miss_albedo(depth says miss, albedo-mask missed it — should be 0)=0
[v9p] epoch 69/300 n2n_mse=0.003383 lr=0.000081 pool_yaws=[-13.5,15.1,-22.7] pool_ms=1427 hist_ms=5130 batch_ms=8643 nohit_px=9416/110592(8.51%) nohit_effective=10777 hitgate=true gated_px=9416 dark_alb_px=7 dark_capped_px=7 dark_clamped=1 (1282.6s)
[v9p] MONITOR epoch 69: val sparkle 108.5/Mpx resid 0.0349 highlight_ratio 0.767 score=2.713 | mirror sparkle 0.0/Mpx resid 0.0357 highlight_ratio 0.914 (tgt sp<16 resid<0.035) score_streak=22/20(LOG-ONLY) resid_streak=0/20(ABORT)
[v9p] FIRST BATCH mask check (epoch 70, pi=1 s=2): nohit_px(albedo)=7848/9216 nohit_effective(differs-from-CURE4)=7732 dark_alb_px(v9o degenerate-demod HIT px, dark_alb=0.0001)=0 dark_capped_px(v9p cap applied, delta=0.1)=0 dark_clamped(v9p cap actually fired)=0 | cross-check vs depth-hit-flag: false_hit_dark(albedo-mask says nohit, depth says REAL HIT)=0 false_miss_albedo(depth says miss, albedo-mask missed it — should be 0)=0
[v9p] epoch 70/300 n2n_mse=0.043812 lr=0.000081 pool_yaws=[11.2,-26.7,29.4] pool_ms=1399 hist_ms=5157 batch_ms=7940 nohit_px=36745/110592(33.23%) nohit_effective=40183 hitgate=true gated_px=36745 dark_alb_px=788 dark_capped_px=788 dark_clamped=673 (1299.7s)
[v9p] MONITOR epoch 70: val sparkle 108.5/Mpx resid 0.0349 highlight_ratio 0.767 score=2.713 | mirror sparkle 0.0/Mpx resid 0.0355 highlight_ratio 0.915 (tgt sp<16 resid<0.035) score_streak=23/20(LOG-ONLY) resid_streak=0/20(ABORT)
[v9p] FIRST BATCH mask check (epoch 71, pi=0 s=0): nohit_px(albedo)=0/9216 nohit_effective(differs-from-CURE4)=0 dark_alb_px(v9o degenerate-demod HIT px, dark_alb=0.0001)=0 dark_capped_px(v9p cap applied, delta=0.1)=0 dark_clamped(v9p cap actually fired)=0 | cross-check vs depth-hit-flag: false_hit_dark(albedo-mask says nohit, depth says REAL HIT)=0 false_miss_albedo(depth says miss, albedo-mask missed it — should be 0)=0
[v9p] NOTE: this single first batch had zero no-hit pixels (crop landed entirely on geometry) — not aborting, waiting for the first EPOCH's aggregate count below.
[v9p] epoch 71/300 n2n_mse=0.004478 lr=0.000081 pool_yaws=[-17.3,-1.0,17.1] pool_ms=1452 hist_ms=5160 batch_ms=8816 nohit_px=9416/110592(8.51%) nohit_effective=11802 hitgate=true gated_px=9416 dark_alb_px=7 dark_capped_px=7 dark_clamped=1 (1317.7s)
[v9p] MONITOR epoch 71: val sparkle 108.5/Mpx resid 0.0349 highlight_ratio 0.768 score=2.713 | mirror sparkle 0.0/Mpx resid 0.0353 highlight_ratio 0.915 (tgt sp<16 resid<0.035) score_streak=24/20(LOG-ONLY) resid_streak=0/20(ABORT)
[v9p] FIRST BATCH mask check (epoch 72, pi=2 s=1): nohit_px(albedo)=0/9216 nohit_effective(differs-from-CURE4)=0 dark_alb_px(v9o degenerate-demod HIT px, dark_alb=0.0001)=0 dark_capped_px(v9p cap applied, delta=0.1)=0 dark_clamped(v9p cap actually fired)=0 | cross-check vs depth-hit-flag: false_hit_dark(albedo-mask says nohit, depth says REAL HIT)=0 false_miss_albedo(depth says miss, albedo-mask missed it — should be 0)=0
[v9p] NOTE: this single first batch had zero no-hit pixels (crop landed entirely on geometry) — not aborting, waiting for the first EPOCH's aggregate count below.
[v9p] epoch 72/300 n2n_mse=0.004861 lr=0.000081 pool_yaws=[-12.2,18.6,29.3] pool_ms=1515 hist_ms=5135 batch_ms=8113 nohit_px=31160/110592(28.18%) nohit_effective=33847 hitgate=true gated_px=31160 dark_alb_px=7 dark_capped_px=7 dark_clamped=1 (1335.0s)
[v9p] MONITOR epoch 72: val sparkle 108.5/Mpx resid 0.0349 highlight_ratio 0.768 score=2.713 | mirror sparkle 0.0/Mpx resid 0.0352 highlight_ratio 0.915 (tgt sp<16 resid<0.035) score_streak=25/20(LOG-ONLY) resid_streak=0/20(ABORT)
[v9p] FIRST BATCH mask check (epoch 73, pi=3 s=0): nohit_px(albedo)=3138/9216 nohit_effective(differs-from-CURE4)=3812 dark_alb_px(v9o degenerate-demod HIT px, dark_alb=0.0001)=3 dark_capped_px(v9p cap applied, delta=0.1)=3 dark_clamped(v9p cap actually fired)=1 | cross-check vs depth-hit-flag: false_hit_dark(albedo-mask says nohit, depth says REAL HIT)=3 false_miss_albedo(depth says miss, albedo-mask missed it — should be 0)=0
[v9p] epoch 73/300 n2n_mse=0.004103 lr=0.000080 pool_yaws=[-10.5,2.7,6.6] pool_ms=1434 hist_ms=5167 batch_ms=7960 nohit_px=36202/110592(32.73%) nohit_effective=38311 hitgate=true gated_px=36202 dark_alb_px=7 dark_capped_px=7 dark_clamped=1 (1352.2s)
[v9p] MONITOR epoch 73: val sparkle 108.5/Mpx resid 0.0348 highlight_ratio 0.768 score=2.713 | mirror sparkle 0.0/Mpx resid 0.0350 highlight_ratio 0.915 (tgt sp<16 resid<0.035) score_streak=26/20(LOG-ONLY) resid_streak=0/20(ABORT)
[v9p] FIRST BATCH mask check (epoch 74, pi=1 s=0): nohit_px(albedo)=9216/9216 nohit_effective(differs-from-CURE4)=9078 dark_alb_px(v9o degenerate-demod HIT px, dark_alb=0.0001)=0 dark_capped_px(v9p cap applied, delta=0.1)=0 dark_clamped(v9p cap actually fired)=0 | cross-check vs depth-hit-flag: false_hit_dark(albedo-mask says nohit, depth says REAL HIT)=0 false_miss_albedo(depth says miss, albedo-mask missed it — should be 0)=0
[v9p] epoch 74/300 n2n_mse=0.017663 lr=0.000080 pool_yaws=[-6.8,-0.9,7.1] pool_ms=1386 hist_ms=5159 batch_ms=7951 nohit_px=37064/110592(33.51%) nohit_effective=38514 hitgate=true gated_px=37064 dark_alb_px=643 dark_capped_px=643 dark_clamped=1047 (1369.2s)
[v9p] MONITOR epoch 74: val sparkle 108.5/Mpx resid 0.0348 highlight_ratio 0.769 score=2.713 | mirror sparkle 0.0/Mpx resid 0.0348 highlight_ratio 0.915 (tgt sp<16 resid<0.035) score_streak=27/20(LOG-ONLY) resid_streak=0/20(ABORT)
[v9p] PROBE epoch 74: bar-res(640x480) sparkle 13.0/Mpx resid 0.0477 highlight_ratio 0.796 (tgt sp<16 resid<0.035) took 44.7s
[v9p] FIRST BATCH mask check (epoch 75, pi=0 s=0): nohit_px(albedo)=403/9216 nohit_effective(differs-from-CURE4)=724 dark_alb_px(v9o degenerate-demod HIT px, dark_alb=0.0001)=32 dark_capped_px(v9p cap applied, delta=0.1)=32 dark_clamped(v9p cap actually fired)=27 | cross-check vs depth-hit-flag: false_hit_dark(albedo-mask says nohit, depth says REAL HIT)=32 false_miss_albedo(depth says miss, albedo-mask missed it — should be 0)=0
[v9p] epoch 75/300 n2n_mse=0.006764 lr=0.000080 pool_yaws=[-23.4,-18.4,4.8] pool_ms=1314 hist_ms=5134 batch_ms=7730 nohit_px=37906/110592(34.28%) nohit_effective=40173 hitgate=true gated_px=37906 dark_alb_px=104 dark_capped_px=104 dark_clamped=122 (1430.7s)
[v9p] MONITOR epoch 75: val sparkle 108.5/Mpx resid 0.0348 highlight_ratio 0.769 score=2.713 | mirror sparkle 0.0/Mpx resid 0.0346 highlight_ratio 0.915 (tgt sp<16 resid<0.035) score_streak=28/20(LOG-ONLY) resid_streak=0/20(ABORT)
[v9p] FIRST BATCH mask check (epoch 76, pi=2 s=1): nohit_px(albedo)=0/9216 nohit_effective(differs-from-CURE4)=0 dark_alb_px(v9o degenerate-demod HIT px, dark_alb=0.0001)=0 dark_capped_px(v9p cap applied, delta=0.1)=0 dark_clamped(v9p cap actually fired)=0 | cross-check vs depth-hit-flag: false_hit_dark(albedo-mask says nohit, depth says REAL HIT)=0 false_miss_albedo(depth says miss, albedo-mask missed it — should be 0)=0
[v9p] NOTE: this single first batch had zero no-hit pixels (crop landed entirely on geometry) — not aborting, waiting for the first EPOCH's aggregate count below.
[v9p] epoch 76/300 n2n_mse=0.020774 lr=0.000080 pool_yaws=[-21.6,12.7,13.0] pool_ms=1368 hist_ms=5150 batch_ms=8074 nohit_px=33171/110592(29.99%) nohit_effective=36306 hitgate=true gated_px=33171 dark_alb_px=588 dark_capped_px=588 dark_clamped=479 (1447.8s)
[v9p] MONITOR epoch 76: val sparkle 108.5/Mpx resid 0.0348 highlight_ratio 0.770 score=2.713 | mirror sparkle 0.0/Mpx resid 0.0345 highlight_ratio 0.915 (tgt sp<16 resid<0.035) score_streak=29/20(LOG-ONLY) resid_streak=0/20(ABORT)
[v9p] FIRST BATCH mask check (epoch 77, pi=2 s=1): nohit_px(albedo)=0/9216 nohit_effective(differs-from-CURE4)=0 dark_alb_px(v9o degenerate-demod HIT px, dark_alb=0.0001)=0 dark_capped_px(v9p cap applied, delta=0.1)=0 dark_clamped(v9p cap actually fired)=0 | cross-check vs depth-hit-flag: false_hit_dark(albedo-mask says nohit, depth says REAL HIT)=0 false_miss_albedo(depth says miss, albedo-mask missed it — should be 0)=0
[v9p] NOTE: this single first batch had zero no-hit pixels (crop landed entirely on geometry) — not aborting, waiting for the first EPOCH's aggregate count below.
[v9p] epoch 77/300 n2n_mse=0.010385 lr=0.000080 pool_yaws=[-23.1,-21.6,21.5] pool_ms=1527 hist_ms=5095 batch_ms=7641 nohit_px=42768/110592(38.67%) nohit_effective=45004 hitgate=true gated_px=42768 dark_alb_px=234 dark_capped_px=234 dark_clamped=257 (1464.6s)
[v9p] MONITOR epoch 77: val sparkle 108.5/Mpx resid 0.0348 highlight_ratio 0.770 score=2.713 | mirror sparkle 0.0/Mpx resid 0.0343 highlight_ratio 0.915 (tgt sp<16 resid<0.035) score_streak=30/20(LOG-ONLY) resid_streak=0/20(ABORT)
[v9p] FIRST BATCH mask check (epoch 78, pi=3 s=0): nohit_px(albedo)=3138/9216 nohit_effective(differs-from-CURE4)=3838 dark_alb_px(v9o degenerate-demod HIT px, dark_alb=0.0001)=3 dark_capped_px(v9p cap applied, delta=0.1)=3 dark_clamped(v9p cap actually fired)=1 | cross-check vs depth-hit-flag: false_hit_dark(albedo-mask says nohit, depth says REAL HIT)=3 false_miss_albedo(depth says miss, albedo-mask missed it — should be 0)=0
[v9p] epoch 78/300 n2n_mse=0.007085 lr=0.000079 pool_yaws=[5.2,1.3,-0.5] pool_ms=1471 hist_ms=5212 batch_ms=7868 nohit_px=48039/110592(43.44%) nohit_effective=52557 hitgate=true gated_px=48039 dark_alb_px=7 dark_capped_px=7 dark_clamped=1 (1481.8s)
[v9p] MONITOR epoch 78: val sparkle 108.5/Mpx resid 0.0348 highlight_ratio 0.770 score=2.713 | mirror sparkle 0.0/Mpx resid 0.0341 highlight_ratio 0.915 (tgt sp<16 resid<0.035) score_streak=31/20(LOG-ONLY) resid_streak=0/20(ABORT)
[v9p] FIRST BATCH mask check (epoch 79, pi=1 s=0): nohit_px(albedo)=6344/9216 nohit_effective(differs-from-CURE4)=6614 dark_alb_px(v9o degenerate-demod HIT px, dark_alb=0.0001)=42 dark_capped_px(v9p cap applied, delta=0.1)=42 dark_clamped(v9p cap actually fired)=32 | cross-check vs depth-hit-flag: false_hit_dark(albedo-mask says nohit, depth says REAL HIT)=42 false_miss_albedo(depth says miss, albedo-mask missed it — should be 0)=0
[v9p] epoch 79/300 n2n_mse=0.007457 lr=0.000079 pool_yaws=[-10.5,-8.6,29.4] pool_ms=1525 hist_ms=5284 batch_ms=7956 nohit_px=50490/110592(45.65%) nohit_effective=54160 hitgate=true gated_px=50490 dark_alb_px=132 dark_capped_px=132 dark_clamped=103 (1499.2s)
[v9p] MONITOR epoch 79: val sparkle 108.5/Mpx resid 0.0348 highlight_ratio 0.771 score=2.713 | mirror sparkle 0.0/Mpx resid 0.0339 highlight_ratio 0.915 (tgt sp<16 resid<0.035) score_streak=32/20(LOG-ONLY) resid_streak=0/20(ABORT)
[v9p] FIRST BATCH mask check (epoch 80, pi=0 s=2): nohit_px(albedo)=0/9216 nohit_effective(differs-from-CURE4)=0 dark_alb_px(v9o degenerate-demod HIT px, dark_alb=0.0001)=0 dark_capped_px(v9p cap applied, delta=0.1)=0 dark_clamped(v9p cap actually fired)=0 | cross-check vs depth-hit-flag: false_hit_dark(albedo-mask says nohit, depth says REAL HIT)=0 false_miss_albedo(depth says miss, albedo-mask missed it — should be 0)=0
[v9p] NOTE: this single first batch had zero no-hit pixels (crop landed entirely on geometry) — not aborting, waiting for the first EPOCH's aggregate count below.
[v9p] epoch 80/300 n2n_mse=0.003112 lr=0.000079 pool_yaws=[-12.2,-13.6,19.0] pool_ms=1477 hist_ms=5277 batch_ms=9082 nohit_px=9416/110592(8.51%) nohit_effective=11761 hitgate=true gated_px=9416 dark_alb_px=7 dark_capped_px=7 dark_clamped=0 (1517.7s)
[v9p] MONITOR epoch 80: val sparkle 108.5/Mpx resid 0.0347 highlight_ratio 0.771 score=2.713 | mirror sparkle 0.0/Mpx resid 0.0338 highlight_ratio 0.915 (tgt sp<16 resid<0.035) score_streak=33/20(LOG-ONLY) resid_streak=0/20(ABORT)
[v9p] FIRST BATCH mask check (epoch 81, pi=3 s=2): nohit_px(albedo)=3118/9216 nohit_effective(differs-from-CURE4)=3832 dark_alb_px(v9o degenerate-demod HIT px, dark_alb=0.0001)=3 dark_capped_px(v9p cap applied, delta=0.1)=3 dark_clamped(v9p cap actually fired)=0 | cross-check vs depth-hit-flag: false_hit_dark(albedo-mask says nohit, depth says REAL HIT)=3 false_miss_albedo(depth says miss, albedo-mask missed it — should be 0)=0
[v9p] epoch 81/300 n2n_mse=0.048494 lr=0.000079 pool_yaws=[10.6,1.0,27.6] pool_ms=1371 hist_ms=5252 batch_ms=7554 nohit_px=52472/110592(47.45%) nohit_effective=54291 hitgate=true gated_px=52472 dark_alb_px=1704 dark_capped_px=1704 dark_clamped=2719 (1534.4s)
[v9p] MONITOR epoch 81: val sparkle 108.5/Mpx resid 0.0347 highlight_ratio 0.772 score=2.713 | mirror sparkle 0.0/Mpx resid 0.0336 highlight_ratio 0.915 (tgt sp<16 resid<0.035) score_streak=34/20(LOG-ONLY) resid_streak=0/20(ABORT)
[v9p] FIRST BATCH mask check (epoch 82, pi=3 s=2): nohit_px(albedo)=3118/9216 nohit_effective(differs-from-CURE4)=4020 dark_alb_px(v9o degenerate-demod HIT px, dark_alb=0.0001)=3 dark_capped_px(v9p cap applied, delta=0.1)=3 dark_clamped(v9p cap actually fired)=0 | cross-check vs depth-hit-flag: false_hit_dark(albedo-mask says nohit, depth says REAL HIT)=3 false_miss_albedo(depth says miss, albedo-mask missed it — should be 0)=0
[v9p] epoch 82/300 n2n_mse=0.022521 lr=0.000079 pool_yaws=[-7.9,-4.0,13.5] pool_ms=1491 hist_ms=5229 batch_ms=8790 nohit_px=9416/110592(8.51%) nohit_effective=11415 hitgate=true gated_px=9416 dark_alb_px=618 dark_capped_px=618 dark_clamped=447 (1552.6s)
[v9p] MONITOR epoch 82: val sparkle 108.5/Mpx resid 0.0347 highlight_ratio 0.772 score=2.713 | mirror sparkle 0.0/Mpx resid 0.0334 highlight_ratio 0.915 (tgt sp<16 resid<0.035) score_streak=35/20(LOG-ONLY) resid_streak=0/20(ABORT)
[v9p] FIRST BATCH mask check (epoch 83, pi=1 s=1): nohit_px(albedo)=0/9216 nohit_effective(differs-from-CURE4)=0 dark_alb_px(v9o degenerate-demod HIT px, dark_alb=0.0001)=0 dark_capped_px(v9p cap applied, delta=0.1)=0 dark_clamped(v9p cap actually fired)=0 | cross-check vs depth-hit-flag: false_hit_dark(albedo-mask says nohit, depth says REAL HIT)=0 false_miss_albedo(depth says miss, albedo-mask missed it — should be 0)=0
[v9p] NOTE: this single first batch had zero no-hit pixels (crop landed entirely on geometry) — not aborting, waiting for the first EPOCH's aggregate count below.
[v9p] epoch 83/300 n2n_mse=0.003816 lr=0.000078 pool_yaws=[-6.2,13.7,29.9] pool_ms=1438 hist_ms=5457 batch_ms=8129 nohit_px=37064/110592(33.51%) nohit_effective=38409 hitgate=true gated_px=37064 dark_alb_px=7 dark_capped_px=7 dark_clamped=0 (1570.2s)
[v9p] MONITOR epoch 83: val sparkle 108.5/Mpx resid 0.0347 highlight_ratio 0.773 score=2.713 | mirror sparkle 0.0/Mpx resid 0.0333 highlight_ratio 0.915 (tgt sp<16 resid<0.035) score_streak=36/20(LOG-ONLY) resid_streak=0/20(ABORT)
[v9p] FIRST BATCH mask check (epoch 84, pi=2 s=2): nohit_px(albedo)=0/9216 nohit_effective(differs-from-CURE4)=0 dark_alb_px(v9o degenerate-demod HIT px, dark_alb=0.0001)=0 dark_capped_px(v9p cap applied, delta=0.1)=0 dark_clamped(v9p cap actually fired)=0 | cross-check vs depth-hit-flag: false_hit_dark(albedo-mask says nohit, depth says REAL HIT)=0 false_miss_albedo(depth says miss, albedo-mask missed it — should be 0)=0
[v9p] NOTE: this single first batch had zero no-hit pixels (crop landed entirely on geometry) — not aborting, waiting for the first EPOCH's aggregate count below.
[v9p] epoch 84/300 n2n_mse=0.021062 lr=0.000078 pool_yaws=[-8.4,-14.9,-8.2] pool_ms=1468 hist_ms=5345 batch_ms=9416 nohit_px=9416/110592(8.51%) nohit_effective=11752 hitgate=true gated_px=9416 dark_alb_px=301 dark_capped_px=301 dark_clamped=191 (1589.1s)
[v9p] MONITOR epoch 84: val sparkle 108.5/Mpx resid 0.0347 highlight_ratio 0.773 score=2.713 | mirror sparkle 0.0/Mpx resid 0.0331 highlight_ratio 0.915 (tgt sp<16 resid<0.035) score_streak=37/20(LOG-ONLY) resid_streak=0/20(ABORT)
[v9p] FIRST BATCH mask check (epoch 85, pi=0 s=0): nohit_px(albedo)=9216/9216 nohit_effective(differs-from-CURE4)=9077 dark_alb_px(v9o degenerate-demod HIT px, dark_alb=0.0001)=0 dark_capped_px(v9p cap applied, delta=0.1)=0 dark_clamped(v9p cap actually fired)=0 | cross-check vs depth-hit-flag: false_hit_dark(albedo-mask says nohit, depth says REAL HIT)=0 false_miss_albedo(depth says miss, albedo-mask missed it — should be 0)=0
[v9p] epoch 85/300 n2n_mse=0.002978 lr=0.000078 pool_yaws=[-11.1,19.1,-1.4] pool_ms=1445 hist_ms=5271 batch_ms=7852 nohit_px=37064/110592(33.51%) nohit_effective=38215 hitgate=true gated_px=37064 dark_alb_px=7 dark_capped_px=7 dark_clamped=1 (1606.4s)
[v9p] MONITOR epoch 85: val sparkle 108.5/Mpx resid 0.0347 highlight_ratio 0.773 score=2.713 | mirror sparkle 0.0/Mpx resid 0.0330 highlight_ratio 0.915 (tgt sp<16 resid<0.035) score_streak=38/20(LOG-ONLY) resid_streak=0/20(ABORT)
[v9p] FIRST BATCH mask check (epoch 86, pi=1 s=0): nohit_px(albedo)=9216/9216 nohit_effective(differs-from-CURE4)=9078 dark_alb_px(v9o degenerate-demod HIT px, dark_alb=0.0001)=0 dark_capped_px(v9p cap applied, delta=0.1)=0 dark_clamped(v9p cap actually fired)=0 | cross-check vs depth-hit-flag: false_hit_dark(albedo-mask says nohit, depth says REAL HIT)=0 false_miss_albedo(depth says miss, albedo-mask missed it — should be 0)=0
[v9p] epoch 86/300 n2n_mse=0.003896 lr=0.000078 pool_yaws=[-5.0,26.2,15.4] pool_ms=1390 hist_ms=5250 batch_ms=7197 nohit_px=63235/110592(57.18%) nohit_effective=65524 hitgate=true gated_px=63235 dark_alb_px=7 dark_capped_px=7 dark_clamped=1 (1622.8s)
[v9p] MONITOR epoch 86: val sparkle 108.5/Mpx resid 0.0347 highlight_ratio 0.774 score=2.713 | mirror sparkle 0.0/Mpx resid 0.0328 highlight_ratio 0.916 (tgt sp<16 resid<0.035) score_streak=39/20(LOG-ONLY) resid_streak=0/20(ABORT)
[v9p] FIRST BATCH mask check (epoch 87, pi=2 s=0): nohit_px(albedo)=0/9216 nohit_effective(differs-from-CURE4)=0 dark_alb_px(v9o degenerate-demod HIT px, dark_alb=0.0001)=0 dark_capped_px(v9p cap applied, delta=0.1)=0 dark_clamped(v9p cap actually fired)=0 | cross-check vs depth-hit-flag: false_hit_dark(albedo-mask says nohit, depth says REAL HIT)=0 false_miss_albedo(depth says miss, albedo-mask missed it — should be 0)=0
[v9p] NOTE: this single first batch had zero no-hit pixels (crop landed entirely on geometry) — not aborting, waiting for the first EPOCH's aggregate count below.
[v9p] epoch 87/300 n2n_mse=0.003670 lr=0.000078 pool_yaws=[-29.2,-12.4,-9.8] pool_ms=1572 hist_ms=5244 batch_ms=6989 nohit_px=64316/110592(58.16%) nohit_effective=66296 hitgate=true gated_px=64316 dark_alb_px=7 dark_capped_px=7 dark_clamped=1 (1639.2s)
[v9p] MONITOR epoch 87: val sparkle 108.5/Mpx resid 0.0346 highlight_ratio 0.774 score=2.713 | mirror sparkle 0.0/Mpx resid 0.0326 highlight_ratio 0.916 (tgt sp<16 resid<0.035) score_streak=40/20(LOG-ONLY) resid_streak=0/20(ABORT)
[v9p] FIRST BATCH mask check (epoch 88, pi=1 s=0): nohit_px(albedo)=0/9216 nohit_effective(differs-from-CURE4)=0 dark_alb_px(v9o degenerate-demod HIT px, dark_alb=0.0001)=0 dark_capped_px(v9p cap applied, delta=0.1)=0 dark_clamped(v9p cap actually fired)=0 | cross-check vs depth-hit-flag: false_hit_dark(albedo-mask says nohit, depth says REAL HIT)=0 false_miss_albedo(depth says miss, albedo-mask missed it — should be 0)=0
[v9p] NOTE: this single first batch had zero no-hit pixels (crop landed entirely on geometry) — not aborting, waiting for the first EPOCH's aggregate count below.
[v9p] epoch 88/300 n2n_mse=0.007894 lr=0.000077 pool_yaws=[2.9,-8.7,-22.0] pool_ms=1451 hist_ms=5338 batch_ms=9011 nohit_px=10553/110592(9.54%) nohit_effective=12774 hitgate=true gated_px=10553 dark_alb_px=97 dark_capped_px=97 dark_clamped=85 (1657.7s)
[v9p] MONITOR epoch 88: val sparkle 108.5/Mpx resid 0.0346 highlight_ratio 0.775 score=2.713 | mirror sparkle 0.0/Mpx resid 0.0325 highlight_ratio 0.916 (tgt sp<16 resid<0.035) score_streak=41/20(LOG-ONLY) resid_streak=0/20(ABORT)
[v9p] FIRST BATCH mask check (epoch 89, pi=2 s=0): nohit_px(albedo)=527/9216 nohit_effective(differs-from-CURE4)=676 dark_alb_px(v9o degenerate-demod HIT px, dark_alb=0.0001)=50 dark_capped_px(v9p cap applied, delta=0.1)=50 dark_clamped(v9p cap actually fired)=9 | cross-check vs depth-hit-flag: false_hit_dark(albedo-mask says nohit, depth says REAL HIT)=50 false_miss_albedo(depth says miss, albedo-mask missed it — should be 0)=0
[v9p] epoch 89/300 n2n_mse=0.015103 lr=0.000077 pool_yaws=[10.7,29.8,-27.4] pool_ms=1629 hist_ms=5391 batch_ms=8982 nohit_px=11007/110592(9.95%) nohit_effective=13611 hitgate=true gated_px=11007 dark_alb_px=156 dark_capped_px=156 dark_clamped=42 (1676.3s)
[v9p] MONITOR epoch 89: val sparkle 108.5/Mpx resid 0.0346 highlight_ratio 0.775 score=2.713 | mirror sparkle 0.0/Mpx resid 0.0323 highlight_ratio 0.916 (tgt sp<16 resid<0.035) score_streak=42/20(LOG-ONLY) resid_streak=0/20(ABORT)
[v9p] FIRST BATCH mask check (epoch 90, pi=3 s=0): nohit_px(albedo)=3138/9216 nohit_effective(differs-from-CURE4)=4126 dark_alb_px(v9o degenerate-demod HIT px, dark_alb=0.0001)=3 dark_capped_px(v9p cap applied, delta=0.1)=3 dark_clamped(v9p cap actually fired)=1 | cross-check vs depth-hit-flag: false_hit_dark(albedo-mask says nohit, depth says REAL HIT)=3 false_miss_albedo(depth says miss, albedo-mask missed it — should be 0)=0
[v9p] epoch 90/300 n2n_mse=0.022821 lr=0.000077 pool_yaws=[25.4,14.6,2.1] pool_ms=1500 hist_ms=5315 batch_ms=9142 nohit_px=9416/110592(8.51%) nohit_effective=12148 hitgate=true gated_px=9416 dark_alb_px=489 dark_capped_px=489 dark_clamped=313 (1694.9s)
[v9p] MONITOR epoch 90: val sparkle 108.5/Mpx resid 0.0346 highlight_ratio 0.775 score=2.713 | mirror sparkle 0.0/Mpx resid 0.0322 highlight_ratio 0.916 (tgt sp<16 resid<0.035) score_streak=43/20(LOG-ONLY) resid_streak=0/20(ABORT)
[v9p] FIRST BATCH mask check (epoch 91, pi=0 s=0): nohit_px(albedo)=879/9216 nohit_effective(differs-from-CURE4)=1282 dark_alb_px(v9o degenerate-demod HIT px, dark_alb=0.0001)=0 dark_capped_px(v9p cap applied, delta=0.1)=0 dark_clamped(v9p cap actually fired)=0 | cross-check vs depth-hit-flag: false_hit_dark(albedo-mask says nohit, depth says REAL HIT)=0 false_miss_albedo(depth says miss, albedo-mask missed it — should be 0)=0
[v9p] epoch 91/300 n2n_mse=0.009360 lr=0.000077 pool_yaws=[-23.5,-19.6,25.0] pool_ms=1514 hist_ms=5249 batch_ms=8203 nohit_px=25166/110592(22.76%) nohit_effective=29027 hitgate=true gated_px=25166 dark_alb_px=218 dark_capped_px=218 dark_clamped=209 (1712.6s)
[v9p] MONITOR epoch 91: val sparkle 108.5/Mpx resid 0.0346 highlight_ratio 0.776 score=2.713 | mirror sparkle 0.0/Mpx resid 0.0320 highlight_ratio 0.916 (tgt sp<16 resid<0.035) score_streak=44/20(LOG-ONLY) resid_streak=0/20(ABORT)
[v9p] FIRST BATCH mask check (epoch 92, pi=3 s=0): nohit_px(albedo)=3138/9216 nohit_effective(differs-from-CURE4)=4068 dark_alb_px(v9o degenerate-demod HIT px, dark_alb=0.0001)=3 dark_capped_px(v9p cap applied, delta=0.1)=3 dark_clamped(v9p cap actually fired)=0 | cross-check vs depth-hit-flag: false_hit_dark(albedo-mask says nohit, depth says REAL HIT)=3 false_miss_albedo(depth says miss, albedo-mask missed it — should be 0)=0
[v9p] epoch 92/300 n2n_mse=0.007146 lr=0.000077 pool_yaws=[-17.5,9.7,-11.5] pool_ms=1510 hist_ms=5184 batch_ms=8325 nohit_px=24856/110592(22.48%) nohit_effective=29512 hitgate=true gated_px=24856 dark_alb_px=106 dark_capped_px=106 dark_clamped=115 (1730.3s)
[v9p] MONITOR epoch 92: val sparkle 108.5/Mpx resid 0.0346 highlight_ratio 0.776 score=2.713 | mirror sparkle 0.0/Mpx resid 0.0319 highlight_ratio 0.916 (tgt sp<16 resid<0.035) score_streak=45/20(LOG-ONLY) resid_streak=0/20(ABORT)
[v9p] FIRST BATCH mask check (epoch 93, pi=2 s=2): nohit_px(albedo)=0/9216 nohit_effective(differs-from-CURE4)=0 dark_alb_px(v9o degenerate-demod HIT px, dark_alb=0.0001)=0 dark_capped_px(v9p cap applied, delta=0.1)=0 dark_clamped(v9p cap actually fired)=0 | cross-check vs depth-hit-flag: false_hit_dark(albedo-mask says nohit, depth says REAL HIT)=0 false_miss_albedo(depth says miss, albedo-mask missed it — should be 0)=0
[v9p] NOTE: this single first batch had zero no-hit pixels (crop landed entirely on geometry) — not aborting, waiting for the first EPOCH's aggregate count below.
[v9p] epoch 93/300 n2n_mse=0.030935 lr=0.000076 pool_yaws=[-24.4,-3.7,2.2] pool_ms=1439 hist_ms=5181 batch_ms=8372 nohit_px=26705/110592(24.15%) nohit_effective=30031 hitgate=true gated_px=26705 dark_alb_px=633 dark_capped_px=633 dark_clamped=245 (1747.9s)
[v9p] MONITOR epoch 93: val sparkle 108.5/Mpx resid 0.0346 highlight_ratio 0.776 score=2.713 | mirror sparkle 108.5/Mpx resid 0.0317 highlight_ratio 0.916 (tgt sp<16 resid<0.035) score_streak=46/20(LOG-ONLY) resid_streak=0/20(ABORT)
[v9p] FIRST BATCH mask check (epoch 94, pi=0 s=0): nohit_px(albedo)=8174/9216 nohit_effective(differs-from-CURE4)=8436 dark_alb_px(v9o degenerate-demod HIT px, dark_alb=0.0001)=0 dark_capped_px(v9p cap applied, delta=0.1)=0 dark_clamped(v9p cap actually fired)=0 | cross-check vs depth-hit-flag: false_hit_dark(albedo-mask says nohit, depth says REAL HIT)=0 false_miss_albedo(depth says miss, albedo-mask missed it — should be 0)=0
[v9p] epoch 94/300 n2n_mse=0.004535 lr=0.000076 pool_yaws=[3.2,-4.4,-26.2] pool_ms=1451 hist_ms=5206 batch_ms=7152 nohit_px=61623/110592(55.72%) nohit_effective=61546 hitgate=true gated_px=61623 dark_alb_px=7 dark_capped_px=7 dark_clamped=0 (1764.3s)
[v9p] MONITOR epoch 94: val sparkle 108.5/Mpx resid 0.0346 highlight_ratio 0.777 score=2.713 | mirror sparkle 108.5/Mpx resid 0.0316 highlight_ratio 0.916 (tgt sp<16 resid<0.035) score_streak=47/20(LOG-ONLY) resid_streak=0/20(ABORT)
[v9p] FIRST BATCH mask check (epoch 95, pi=2 s=2): nohit_px(albedo)=553/9216 nohit_effective(differs-from-CURE4)=522 dark_alb_px(v9o degenerate-demod HIT px, dark_alb=0.0001)=330 dark_capped_px(v9p cap applied, delta=0.1)=330 dark_clamped(v9p cap actually fired)=502 | cross-check vs depth-hit-flag: false_hit_dark(albedo-mask says nohit, depth says REAL HIT)=330 false_miss_albedo(depth says miss, albedo-mask missed it — should be 0)=0
[v9p] epoch 95/300 n2n_mse=0.034830 lr=0.000076 pool_yaws=[6.9,-26.7,-29.6] pool_ms=1396 hist_ms=5185 batch_ms=7477 nohit_px=63478/110592(57.40%) nohit_effective=64152 hitgate=true gated_px=63478 dark_alb_px=1014 dark_capped_px=1014 dark_clamped=1583 (1781.0s)
[v9p] MONITOR epoch 95: val sparkle 108.5/Mpx resid 0.0345 highlight_ratio 0.777 score=2.713 | mirror sparkle 108.5/Mpx resid 0.0314 highlight_ratio 0.916 (tgt sp<16 resid<0.035) score_streak=48/20(LOG-ONLY) resid_streak=0/20(ABORT)
[v9p] FIRST BATCH mask check (epoch 96, pi=0 s=1): nohit_px(albedo)=8928/9216 nohit_effective(differs-from-CURE4)=8481 dark_alb_px(v9o degenerate-demod HIT px, dark_alb=0.0001)=0 dark_capped_px(v9p cap applied, delta=0.1)=0 dark_clamped(v9p cap actually fired)=0 | cross-check vs depth-hit-flag: false_hit_dark(albedo-mask says nohit, depth says REAL HIT)=0 false_miss_albedo(depth says miss, albedo-mask missed it — should be 0)=0
[v9p] epoch 96/300 n2n_mse=0.005695 lr=0.000076 pool_yaws=[15.4,25.1,16.7] pool_ms=1237 hist_ms=5188 batch_ms=6263 nohit_px=91112/110592(82.39%) nohit_effective=93781 hitgate=true gated_px=91112 dark_alb_px=7 dark_capped_px=7 dark_clamped=1 (1796.3s)
[v9p] MONITOR epoch 96: val sparkle 108.5/Mpx resid 0.0345 highlight_ratio 0.778 score=2.713 | mirror sparkle 217.0/Mpx resid 0.0313 highlight_ratio 0.916 (tgt sp<16 resid<0.035) score_streak=49/20(LOG-ONLY) resid_streak=0/20(ABORT)
[v9p] FIRST BATCH mask check (epoch 97, pi=3 s=2): nohit_px(albedo)=3118/9216 nohit_effective(differs-from-CURE4)=4369 dark_alb_px(v9o degenerate-demod HIT px, dark_alb=0.0001)=3 dark_capped_px(v9p cap applied, delta=0.1)=3 dark_clamped(v9p cap actually fired)=0 | cross-check vs depth-hit-flag: false_hit_dark(albedo-mask says nohit, depth says REAL HIT)=3 false_miss_albedo(depth says miss, albedo-mask missed it — should be 0)=0
[v9p] epoch 97/300 n2n_mse=0.024830 lr=0.000076 pool_yaws=[-18.4,10.3,-2.3] pool_ms=1544 hist_ms=5221 batch_ms=8389 nohit_px=29274/110592(26.47%) nohit_effective=39869 hitgate=true gated_px=29274 dark_alb_px=531 dark_capped_px=531 dark_clamped=321 (1814.0s)
[v9p] MONITOR epoch 97: val sparkle 108.5/Mpx resid 0.0345 highlight_ratio 0.778 score=2.713 | mirror sparkle 217.0/Mpx resid 0.0311 highlight_ratio 0.916 (tgt sp<16 resid<0.035) score_streak=50/20(LOG-ONLY) resid_streak=0/20(ABORT)
[v9p] FIRST BATCH mask check (epoch 98, pi=0 s=0): nohit_px(albedo)=0/9216 nohit_effective(differs-from-CURE4)=0 dark_alb_px(v9o degenerate-demod HIT px, dark_alb=0.0001)=0 dark_capped_px(v9p cap applied, delta=0.1)=0 dark_clamped(v9p cap actually fired)=0 | cross-check vs depth-hit-flag: false_hit_dark(albedo-mask says nohit, depth says REAL HIT)=0 false_miss_albedo(depth says miss, albedo-mask missed it — should be 0)=0
[v9p] NOTE: this single first batch had zero no-hit pixels (crop landed entirely on geometry) — not aborting, waiting for the first EPOCH's aggregate count below.
[v9p] epoch 98/300 n2n_mse=0.008275 lr=0.000075 pool_yaws=[4.6,-24.5,-17.8] pool_ms=1490 hist_ms=5187 batch_ms=8631 nohit_px=13010/110592(11.76%) nohit_effective=18937 hitgate=true gated_px=13010 dark_alb_px=102 dark_capped_px=102 dark_clamped=142 (1831.9s)
[v9p] MONITOR epoch 98: val sparkle 108.5/Mpx resid 0.0345 highlight_ratio 0.778 score=2.713 | mirror sparkle 217.0/Mpx resid 0.0310 highlight_ratio 0.916 (tgt sp<16 resid<0.035) score_streak=51/20(LOG-ONLY) resid_streak=0/20(ABORT)
[v9p] FIRST BATCH mask check (epoch 99, pi=3 s=1): nohit_px(albedo)=3160/9216 nohit_effective(differs-from-CURE4)=3710 dark_alb_px(v9o degenerate-demod HIT px, dark_alb=0.0001)=1 dark_capped_px(v9p cap applied, delta=0.1)=1 dark_clamped(v9p cap actually fired)=0 | cross-check vs depth-hit-flag: false_hit_dark(albedo-mask says nohit, depth says REAL HIT)=1 false_miss_albedo(depth says miss, albedo-mask missed it — should be 0)=0
[v9p] epoch 99/300 n2n_mse=0.004112 lr=0.000075 pool_yaws=[-22.8,23.9,-0.3] pool_ms=1545 hist_ms=5184 batch_ms=7823 nohit_px=36213/110592(32.74%) nohit_effective=36533 hitgate=true gated_px=36213 dark_alb_px=7 dark_capped_px=7 dark_clamped=0 (1849.1s)
[v9p] MONITOR epoch 99: val sparkle 108.5/Mpx resid 0.0345 highlight_ratio 0.779 score=2.713 | mirror sparkle 217.0/Mpx resid 0.0309 highlight_ratio 0.916 (tgt sp<16 resid<0.035) score_streak=52/20(LOG-ONLY) resid_streak=0/20(ABORT)
[v9p] PROBE epoch 99: bar-res(640x480) sparkle 19.5/Mpx resid 0.0438 highlight_ratio 0.818 (tgt sp<16 resid<0.035) took 46.8s
[v9p] WATCHDOG ABORT: bar-res probe sparkle failed the bar at epoch 99 — stopping, keeping best+last (best score=1.016)
[v9p] training done in 1898.5s (best score=1.016)
[v9p] wrote /Users/pascaldisse/projects/magic-crystal-v9body/packages/scrying-glass/data/rdirect-weights-v9p.bin sha256=5db81c417a0083f311fde74032b9a3b7285cb34f99d05c6d69ab28bab81e13fc
[v9p] wrote /Users/pascaldisse/projects/magic-crystal-v9body/packages/scrying-glass/data/rdirect-weights-v9p-last.bin sha256=f46bdd2d7c13f28458d0c568bb636d3dffed9a2f5b466623b62d2a94987ae69e
[v9p] wrote provenance. tag=v9p best=/Users/pascaldisse/projects/magic-crystal-v9body/packages/scrying-glass/data/rdirect-weights-v9p.bin last=/Users/pascaldisse/projects/magic-crystal-v9body/packages/scrying-glass/data/rdirect-weights-v9p-last.bin
